"key","scientificName","decimalLatitude","decimalLongitude","issues","datasetKey","publishingOrgKey","installationKey","hostingOrganizationKey","publishingCountry","protocol","lastCrawled","lastParsed","crawlId","projectId","basisOfRecord","individualCount","occurrenceStatus","taxonKey","kingdomKey","phylumKey","classKey","orderKey","familyKey","genusKey","speciesKey","acceptedTaxonKey","acceptedScientificName","kingdom","phylum","order","family","genus","species","genericName","specificEpithet","taxonRank","taxonomicStatus","coordinateUncertaintyInMeters","continent","stateProvince","year","month","day","eventDate","startDayOfYear","endDayOfYear","lastInterpreted","license","isSequenced","identifier","facts","relations","institutionKey","isInCluster","datasetName","recordedBy","identifiedBy","nucleotideSequence","geodeticDatum","class","countryCode","recordedByIDs","identifiedByIDs","gbifRegion","country","publishedByGbifRegion","http...unknown.org.localId","identifier.1","habitat","verbatimEventDate","http...unknown.org.crawl_attempt","locality","gbifID","language","collectionCode","occurrenceID","type","catalogNumber","institutionCode","name","elevation","elevationAccuracy","depth","depthAccuracy","modified","collectionKey","preparations","rightsHolder","institutionID","municipality","disposition","ownerInstitutionCode","occurrenceRemarks","collectionID","networkKeys","datasetID","otherCatalogNumbers","recordNumber","taxonID","identificationID","gadm","http...unknown.org.dateLastUpdated","http...unknown.org.declaredCount","http...unknown.org.code","http...unknown.org.conceptualSchema","http...unknown.org.maxSearchResponseRecords","nomenclaturalCode","identificationRemarks","previousIdentifications","locationID","dateIdentified"
"3713857601","Narcissus tortifolius Fern.Casas",37.14,-2.06,"cdc,gass84,mdativ,osiic,incomis,inmafu","83504144-f762-11e1-a439-00145eb45e9a","c1564d80-1b9d-471c-b84d-8d5dd2efbf0a","2a3f6a56-7591-4f05-8c4c-a1bb77aa4ea6","6c4a0bb0-2a4d-11d8-aa2d-b8a03c50a862","ES","EML","2026-04-18T01:37:24.938+00:00","2026-04-24T07:24:31.588+00:00",344,"HUAL","PRESERVED_SPECIMEN",1,"PRESENT",2858471,6,7707728,196,1169,7682,2858200,2858471,2858471,"Narcissus tortifolius Fern.Casas","Plantae","Tracheophyta","Asparagales","Amaryllidaceae","Narcissus","Narcissus tortifolius","Narcissus","tortifolius","SPECIES","ACCEPTED",707,"EUROPE","ALMERíA",2020,2,4,"2020-02-04",35,35,"2026-04-24T07:24:31.588+00:00","http://creativecommons.org/licenses/by/4.0/legalcode",FALSE,"2F4B5BA1-AD1C-4FB1-848C-074778E14416","none","none","a8343e51-cda3-4e7a-9eb6-4431f432fde4",FALSE,"Herbario de la Universidad de Almería","F.J. Pérez-García.","F.J. Pérez-García.","none","WGS84","Liliopsida","ES","none","none","EUROPE","Spain","EUROPE","HUAL","2F4B5BA1-AD1C-4FB1-848C-074778E14416","Matorral ralo sobre sustrato yesoso.","04/02/2020","350","Levante Almeriense. Pr. Los Castaños.","3713857601","es","HUAL","2F4B5BA1-AD1C-4FB1-848C-074778E14416","PhysicalObject","27449-1","JP","Narcissus tortifolius Fern.Casas",NA,NA,NA,NA,NA,NA,NA,NA,NA,NA,NA,NA,NA,NA,NA,NA,NA,NA,NA,NA,NA,NA,NA,NA,NA,NA,NA,NA,NA,NA,NA
"3855063386","Narcissus tortifolius Fern.Casas",37.12,-2.04,"cdc,gass84,osiic","6a7575fa-ae03-4ba3-b322-2da15b5033e2","d68c4230-a271-11d8-a9b3-b8a03c50a862","2a3f6a56-7591-4f05-8c4c-a1bb77aa4ea6","6c4a0bb0-2a4d-11d8-aa2d-b8a03c50a862","ES","EML","2026-04-17T19:28:29.248+00:00","2026-04-24T04:38:48.067+00:00",394,NA,"PRESERVED_SPECIMEN",1,"PRESENT",2858471,6,7707728,196,1169,7682,2858200,2858471,2858471,"Narcissus tortifolius Fern.Casas","Plantae","Tracheophyta","Asparagales","Amaryllidaceae","Narcissus","Narcissus tortifolius","Narcissus","tortifolius","SPECIES","ACCEPTED",707,"EUROPE","Almería",2017,2,9,"2017-02-09",40,40,"2026-04-24T04:38:48.067+00:00","http://creativecommons.org/licenses/by-nc/4.0/legalcode",FALSE,"9668135F-407C-4304-9530-6D9126BC90C2","none","none","a46ced27-ecc3-43df-981f-d6de329f50b4",FALSE,"Herbario de la Universidad de Granada: Colección GDA-Fanerogamia","J. Fuentes, G. Blanca y M. Cueto","Fuentes, J.","none","WGS84","Liliopsida","ES","none","none","EUROPE","Spain","EUROPE",NA,"9668135F-407C-4304-9530-6D9126BC90C2","matorrales en sustratos yesíferos","09/02/2017","400","Los Yesares","3855063386","es","GDA-Fanero","9668135F-407C-4304-9530-6D9126BC90C2","PhysicalObject","64157-1","GDA","Narcissus tortifolius Fern.Casas",415,0,0,0,"2022-06-24T10:36:01.000+00:00","82d87a2a-f701-46ca-a1c0-292e83fc790a","Pliego","Herbarium University of Granada, Spain","https://www.gbif.org/grscicoll/institution/a46ced27-ecc3-43df-981f-d6de329f50b4","Sorbas","in collection","GDA","Nota: abundante.","https://www.gbif.org/grscicoll/collection/82d87a2a-f701-46ca-a1c0-292e83fc790a",NA,NA,NA,NA,NA,NA,NA,NA,NA,NA,NA,NA,NA,NA,NA,NA,NA
"3713857710","Narcissus tortifolius Fern.Casas",37.18,-1.96,"cdc,gass84,mdativ,osiic,incomis,inmafu","83504144-f762-11e1-a439-00145eb45e9a","c1564d80-1b9d-471c-b84d-8d5dd2efbf0a","2a3f6a56-7591-4f05-8c4c-a1bb77aa4ea6","6c4a0bb0-2a4d-11d8-aa2d-b8a03c50a862","ES","EML","2026-04-18T01:37:24.938+00:00","2026-04-24T07:24:39.246+00:00",344,"HUAL","PRESERVED_SPECIMEN",1,"PRESENT",2858471,6,7707728,196,1169,7682,2858200,2858471,2858471,"Narcissus tortifolius Fern.Casas","Plantae","Tracheophyta","Asparagales","Amaryllidaceae","Narcissus","Narcissus tortifolius","Narcissus","tortifolius","SPECIES","ACCEPTED",707,"EUROPE","ALMERíA",2012,1,1,"2012-01-01",1,1,"2026-04-24T07:24:39.246+00:00","http://creativecommons.org/licenses/by/4.0/legalcode",FALSE,"943F16E5-5A82-41CF-83A8-0A64D969AF3E","none","none","a8343e51-cda3-4e7a-9eb6-4431f432fde4",FALSE,"Herbario de la Universidad de Almería","A. Lahora Cano","A. Lahora Cano","none","WGS84","Liliopsida","ES","none","none","EUROPE","Spain","EUROPE","HUAL","943F16E5-5A82-41CF-83A8-0A64D969AF3E","Litosoles calizos.","01/01/2012","350","El Pinar.","3713857710","es","HUAL","943F16E5-5A82-41CF-83A8-0A64D969AF3E","PhysicalObject","26893-1","JP","Narcissus tortifolius Fern.Casas",350,0,NA,NA,NA,NA,NA,NA,NA,"Bédar",NA,NA,NA,NA,NA,NA,NA,NA,NA,NA,NA,NA,NA,NA,NA,NA,NA,NA,NA,NA,NA
"1936681507","Narcissus tortifolius Fern.Casas",37.5806,-1.2144,"cdc,gass84,inmano","834c9918-f762-11e1-a439-00145eb45e9a","0363cbd4-f666-455e-8e86-0bbddcf51950","2a3f6a56-7591-4f05-8c4c-a1bb77aa4ea6","6c4a0bb0-2a4d-11d8-aa2d-b8a03c50a862","ES","EML","2026-04-18T01:37:27.366+00:00","2026-04-24T05:20:44.260+00:00",423,NA,"PRESERVED_SPECIMEN",NA,"PRESENT",2858471,6,7707728,196,1169,7682,2858200,2858471,2858471,"Narcissus tortifolius Fern.Casas","Plantae","Tracheophyta","Asparagales","Amaryllidaceae","Narcissus","Narcissus tortifolius","Narcissus","tortifolius","SPECIES","ACCEPTED",NA,"EUROPE","Murcia",2008,3,22,"2008-03-22",82,82,"2026-04-24T05:20:44.260+00:00","http://creativecommons.org/licenses/by-nc/4.0/legalcode",FALSE,"5fe7eff9-20fe-11e3-9e2e-000c29035824","none","none",NA,FALSE,NA,"C. Aedo & J. Pedrol",NA,"none","WGS84","Liliopsida","ES","none","none","EUROPE","Spain","EUROPE","MA","5fe7eff9-20fe-11e3-9e2e-000c29035824","Habitat: herbazal de Stipa sobre calizas","22032008","429","Mazarrón, Isla Plana","1936681507","es","MA","5fe7eff9-20fe-11e3-9e2e-000c29035824","Collection","MA-01-00764364","MA","Narcissus tortifolius Fern.Casas",NA,NA,NA,NA,NA,NA,NA,NA,"0363cbd4-f666-455e-8e86-0bbddcf51950",NA,NA,"MA",NA,NA,"17abcf75-2f1e-46dd-bf75-a5b21dd02655","834c9918-f762-11e1-a439-00145eb45e9a","MA-764364-1","15518","2858471","cbdee9a2-20fe-11e3-9e2e-000c29035824",NA,NA,NA,NA,NA,NA,NA,NA,NA,NA,NA
"318117328","Narcissus tortifolius Fern.Casas",37.18,-1.95,"cdc,gass84,osiic,colmafu,inmafu","835852b2-f762-11e1-a439-00145eb45e9a","30b36805-4849-4abb-a39c-01b3a7fa3f2e","2a3f6a56-7591-4f05-8c4c-a1bb77aa4ea6","6c4a0bb0-2a4d-11d8-aa2d-b8a03c50a862","ES","EML","2026-04-18T01:37:27.890+00:00","2026-04-24T04:49:29.610+00:00",354,NA,"PRESERVED_SPECIMEN",1,"PRESENT",2858471,6,7707728,196,1169,7682,2858200,2858471,2858471,"Narcissus tortifolius Fern.Casas","Plantae","Tracheophyta","Asparagales","Amaryllidaceae","Narcissus","Narcissus tortifolius","Narcissus","tortifolius","SPECIES","ACCEPTED",707,"EUROPE","Almeria",2006,2,4,"2006-02-04",35,35,"2026-04-24T04:49:29.610+00:00","http://creativecommons.org/licenses/by/4.0/legalcode",FALSE,"62030A44-14A5-4506-8AA4-07A435EAD2E1","none","none","8aa53465-012a-4394-bc5a-5f99beee1ce7",FALSE,NA,"F.Alcaraz, A.Lahora & S.Ríos",NA,"none","WGS84","Liliopsida","ES","none","none","EUROPE","Spain","EUROPE","ABH","62030A44-14A5-4506-8AA4-07A435EAD2E1",NA,"04022006","360","Bédar; ctra. a Los Gallardos","318117328",NA,"ABH","62030A44-14A5-4506-8AA4-07A435EAD2E1",NA,"50398-1","ABH","Narcissus tortifolius Fern.Casas",NA,NA,NA,NA,"2016-09-28T09:55:17.000+00:00","189e886d-b24c-4f29-8ee3-3827e567e7df",NA,NA,NA,NA,NA,NA,NA,NA,NA,NA,NA,NA,NA,NA,NA,NA,NA,NA,NA,NA,NA,NA,NA,NA,NA
"232590466","Narcissus tortifolius Fern.Casas",37.61,-1.11,"cdc,gass84,cdpi,colmano,inmafu","96b9eec4-f762-11e1-a439-00145eb45e9a","eba6daa8-0281-479e-aa2d-d78a2614db93","2a3f6a56-7591-4f05-8c4c-a1bb77aa4ea6","6c4a0bb0-2a4d-11d8-aa2d-b8a03c50a862","ES","EML","2026-04-17T22:02:24.702+00:00","2026-04-24T08:46:53.023+00:00",360,NA,"PRESERVED_SPECIMEN",NA,"PRESENT",2858471,6,7707728,196,1169,7682,2858200,2858471,2858471,"Narcissus tortifolius Fern.Casas","Plantae","Tracheophyta","Asparagales","Amaryllidaceae","Narcissus","Narcissus tortifolius","Narcissus","tortifolius","SPECIES","ACCEPTED",NA,"EUROPE","Mu",2006,3,13,"2006-03-13",72,72,"2026-04-24T08:46:53.023+00:00","http://creativecommons.org/licenses/by-nc/4.0/legalcode",FALSE,"232590466","none","none","0d3bc86d-03b3-4475-b018-67c8c79d97cd",FALSE,NA,"C. López, J. A. López & J. B. Vera","P. Sánchez-Gómez","none","WGS84","Liliopsida","ES","none","none","EUROPE","Spain","EUROPE","MUB",NA,NA,NA,"366","Cartagena; Los Ruices","232590466",NA,"SURESTE","232590466",NA,"110536-1","MUB","Narcissus tortifolius Fern.Casas",320,0,0,0,NA,NA,NA,NA,NA,NA,NA,NA,NA,NA,NA,NA,NA,NA,NA,NA,NA,NA,NA,NA,NA,NA,NA,NA,NA,NA,NA
"1936693017","Narcissus tortifolius Fern.Casas",37.0905,-2.0832,"cdc,gass84,inmano","834c9918-f762-11e1-a439-00145eb45e9a","0363cbd4-f666-455e-8e86-0bbddcf51950","2a3f6a56-7591-4f05-8c4c-a1bb77aa4ea6","6c4a0bb0-2a4d-11d8-aa2d-b8a03c50a862","ES","EML","2026-04-18T01:37:27.366+00:00","2026-04-24T05:20:45.775+00:00",423,NA,"PRESERVED_SPECIMEN",NA,"PRESENT",2858471,6,7707728,196,1169,7682,2858200,2858471,2858471,"Narcissus tortifolius Fern.Casas","Plantae","Tracheophyta","Asparagales","Amaryllidaceae","Narcissus","Narcissus tortifolius","Narcissus","tortifolius","SPECIES","ACCEPTED",NA,"EUROPE","Almería",2006,5,4,"2006-05-04",124,124,"2026-04-24T05:20:45.775+00:00","http://creativecommons.org/licenses/by-nc/4.0/legalcode",FALSE,"609ff9e1-20fe-11e3-9e2e-000c29035824","none","none",NA,FALSE,NA,"Pablo Vargas",NA,"none","WGS84","Liliopsida","ES","none","none","EUROPE","Spain","EUROPE","MA","609ff9e1-20fe-11e3-9e2e-000c29035824","Habitat: margas yesiferas y conglomerados","04052006","429","Sorbas, Los Molinos del río Aguas, cruce con carretera a la cantera de yesos","1936693017","es","MA","609ff9e1-20fe-11e3-9e2e-000c29035824","Collection","MA-01-00775721","MA","Narcissus tortifolius Fern.Casas",NA,NA,NA,NA,NA,NA,NA,NA,"0363cbd4-f666-455e-8e86-0bbddcf51950",NA,NA,"MA",NA,NA,"17abcf75-2f1e-46dd-bf75-a5b21dd02655","834c9918-f762-11e1-a439-00145eb45e9a","MA-775721-1","70PV06","2858471","ccbc1e0e-20fe-11e3-9e2e-000c29035824",NA,NA,NA,NA,NA,NA,NA,NA,NA,NA,NA
"3713853957","Narcissus tortifolius Fern.Casas",37.5,-2.48,"cdc,gass84,mdativ,osiic,incomis,inmafu","83504144-f762-11e1-a439-00145eb45e9a","c1564d80-1b9d-471c-b84d-8d5dd2efbf0a","2a3f6a56-7591-4f05-8c4c-a1bb77aa4ea6","6c4a0bb0-2a4d-11d8-aa2d-b8a03c50a862","ES","EML","2026-04-18T01:37:24.938+00:00","2026-04-24T07:24:30.323+00:00",344,"HUAL","PRESERVED_SPECIMEN",1,"PRESENT",2858471,6,7707728,196,1169,7682,2858200,2858471,2858471,"Narcissus tortifolius Fern.Casas","Plantae","Tracheophyta","Asparagales","Amaryllidaceae","Narcissus","Narcissus tortifolius","Narcissus","tortifolius","SPECIES","ACCEPTED",707,"EUROPE","ALMERíA",2005,4,6,"2005-04-06",96,96,"2026-04-24T07:24:30.323+00:00","http://creativecommons.org/licenses/by/4.0/legalcode",FALSE,"6D60412E-8FE1-4BB1-9C81-6ECE5D69FACD","none","none","a8343e51-cda3-4e7a-9eb6-4431f432fde4",FALSE,"Herbario de la Universidad de Almería","A.J. Sola & A. Mendoza","A.J. Sola","none","WGS84","Liliopsida","ES","none","none","EUROPE","Spain","EUROPE","HUAL","6D60412E-8FE1-4BB1-9C81-6ECE5D69FACD","matorral aclarado de cistáceas y palmito, presencia de otros geófitos (Lapiedra martinezii Lag.)","06/04/2005","350","Sª de Cabrera, La Mezquita","3713853957","es","HUAL","6D60412E-8FE1-4BB1-9C81-6ECE5D69FACD","PhysicalObject","12124-1","JP","Narcissus tortifolius Fern.Casas",782,0,NA,NA,NA,NA,"Pliego",NA,NA,NA,NA,NA,NA,NA,NA,NA,NA,NA,NA,NA,NA,NA,NA,NA,NA,NA,NA,NA,NA,NA,NA
"211647571","Narcissus tortifolius Fern.Casas",37.61,-1.21,"cdc,gass84,cdpi,colmano,inmafu","96b9eec4-f762-11e1-a439-00145eb45e9a","eba6daa8-0281-479e-aa2d-d78a2614db93","2a3f6a56-7591-4f05-8c4c-a1bb77aa4ea6","6c4a0bb0-2a4d-11d8-aa2d-b8a03c50a862","ES","EML","2026-04-17T22:02:24.702+00:00","2026-04-24T08:46:56.990+00:00",360,NA,"PRESERVED_SPECIMEN",NA,"PRESENT",2858471,6,7707728,196,1169,7682,2858200,2858471,2858471,"Narcissus tortifolius Fern.Casas","Plantae","Tracheophyta","Asparagales","Amaryllidaceae","Narcissus","Narcissus tortifolius","Narcissus","tortifolius","SPECIES","ACCEPTED",NA,"EUROPE","Mu",2002,2,20,"2002-02-20",51,51,"2026-04-24T08:46:56.990+00:00","http://creativecommons.org/licenses/by-nc/4.0/legalcode",FALSE,"211647571","none","none","0d3bc86d-03b3-4475-b018-67c8c79d97cd",FALSE,NA,"A. Hernández & C. Ohl","P. Sánchez-Gómez","none","WGS84","Liliopsida","ES","none","none","EUROPE","Spain","EUROPE","MUB",NA,NA,NA,"366","Mazarron; Sierra del Algarrobo, El Lomachón","211647571",NA,"SURESTE","211647571",NA,"100845-1","MUB","Narcissus tortifolius Fern.Casas",430,0,0,0,NA,NA,NA,NA,NA,NA,NA,NA,NA,NA,NA,NA,NA,NA,NA,NA,NA,NA,NA,NA,NA,NA,NA,NA,NA,NA,NA
"211647572","Narcissus tortifolius Fern.Casas",37.61,-1.21,"cdc,gass84,cdpi,colmano,inmafu","96b9eec4-f762-11e1-a439-00145eb45e9a","eba6daa8-0281-479e-aa2d-d78a2614db93","2a3f6a56-7591-4f05-8c4c-a1bb77aa4ea6","6c4a0bb0-2a4d-11d8-aa2d-b8a03c50a862","ES","EML","2026-04-17T22:02:24.702+00:00","2026-04-24T08:46:57.150+00:00",360,NA,"PRESERVED_SPECIMEN",NA,"PRESENT",2858471,6,7707728,196,1169,7682,2858200,2858471,2858471,"Narcissus tortifolius Fern.Casas","Plantae","Tracheophyta","Asparagales","Amaryllidaceae","Narcissus","Narcissus tortifolius","Narcissus","tortifolius","SPECIES","ACCEPTED",NA,"EUROPE","Mu",2002,2,20,"2002-02-20",51,51,"2026-04-24T08:46:57.150+00:00","http://creativecommons.org/licenses/by-nc/4.0/legalcode",FALSE,"211647572","none","none","0d3bc86d-03b3-4475-b018-67c8c79d97cd",FALSE,NA,"A. Hernández & C. Ohl","P. Sánchez-Gómez","none","WGS84","Liliopsida","ES","none","none","EUROPE","Spain","EUROPE","MUB",NA,NA,NA,"366","Mazarron; Sierra del Algarrobo, El Lomachón","211647572",NA,"SURESTE","211647572",NA,"100846-1","MUB","Narcissus tortifolius Fern.Casas",430,0,0,0,NA,NA,NA,NA,NA,NA,NA,NA,NA,NA,NA,NA,NA,NA,NA,NA,NA,NA,NA,NA,NA,NA,NA,NA,NA,NA,NA
"211647573","Narcissus tortifolius Fern.Casas",37.61,-1.21,"cdc,gass84,cdpi,colmano,inmafu","96b9eec4-f762-11e1-a439-00145eb45e9a","eba6daa8-0281-479e-aa2d-d78a2614db93","2a3f6a56-7591-4f05-8c4c-a1bb77aa4ea6","6c4a0bb0-2a4d-11d8-aa2d-b8a03c50a862","ES","EML","2026-04-17T22:02:24.702+00:00","2026-04-24T08:46:55.474+00:00",360,NA,"PRESERVED_SPECIMEN",NA,"PRESENT",2858471,6,7707728,196,1169,7682,2858200,2858471,2858471,"Narcissus tortifolius Fern.Casas","Plantae","Tracheophyta","Asparagales","Amaryllidaceae","Narcissus","Narcissus tortifolius","Narcissus","tortifolius","SPECIES","ACCEPTED",NA,"EUROPE","Mu",2002,2,20,"2002-02-20",51,51,"2026-04-24T08:46:55.474+00:00","http://creativecommons.org/licenses/by-nc/4.0/legalcode",FALSE,"211647573","none","none","0d3bc86d-03b3-4475-b018-67c8c79d97cd",FALSE,NA,"A. Hernández & C. Ohl","P. Sánchez-Gómez","none","WGS84","Liliopsida","ES","none","none","EUROPE","Spain","EUROPE","MUB",NA,NA,NA,"366","Mazarron; Sierra del Algarrobo, El Lomachón","211647573",NA,"SURESTE","211647573",NA,"100847-1","MUB","Narcissus tortifolius Fern.Casas",430,0,0,0,NA,NA,NA,NA,NA,NA,NA,NA,NA,NA,NA,NA,NA,NA,NA,NA,NA,NA,NA,NA,NA,NA,NA,NA,NA,NA,NA
"211647570","Narcissus tortifolius Fern.Casas",37.51,-1.11,"cdc,gass84,cdpi,colmano,inmafu","96b9eec4-f762-11e1-a439-00145eb45e9a","eba6daa8-0281-479e-aa2d-d78a2614db93","2a3f6a56-7591-4f05-8c4c-a1bb77aa4ea6","6c4a0bb0-2a4d-11d8-aa2d-b8a03c50a862","ES","EML","2026-04-17T22:02:24.702+00:00","2026-04-24T08:46:53.555+00:00",360,NA,"PRESERVED_SPECIMEN",NA,"PRESENT",2858471,6,7707728,196,1169,7682,2858200,2858471,2858471,"Narcissus tortifolius Fern.Casas","Plantae","Tracheophyta","Asparagales","Amaryllidaceae","Narcissus","Narcissus tortifolius","Narcissus","tortifolius","SPECIES","ACCEPTED",NA,"EUROPE","Mu",2002,3,18,"2002-03-18",77,77,"2026-04-24T08:46:53.555+00:00","http://creativecommons.org/licenses/by-nc/4.0/legalcode",FALSE,"211647570","none","none","0d3bc86d-03b3-4475-b018-67c8c79d97cd",FALSE,NA,"J. A. López","P. Sánchez-Gómez","none","WGS84","Liliopsida","ES","none","none","EUROPE","Spain","EUROPE","MUB",NA,NA,NA,"366","Mazarron; Cueva del Agua, Isla Plana","211647570",NA,"SURESTE","211647570",NA,"100844-1","MUB","Narcissus tortifolius Fern.Casas",10,0,0,0,NA,NA,NA,NA,NA,NA,NA,NA,NA,NA,NA,NA,NA,NA,NA,NA,"none",NA,NA,NA,NA,NA,NA,NA,NA,NA,NA
"211648475","Narcissus tortifolius Fern.Casas",37.51,-1.11,"cdc,gass84,cdpi,colmano,inmafu","96b9eec4-f762-11e1-a439-00145eb45e9a","eba6daa8-0281-479e-aa2d-d78a2614db93","2a3f6a56-7591-4f05-8c4c-a1bb77aa4ea6","6c4a0bb0-2a4d-11d8-aa2d-b8a03c50a862","ES","EML","2026-04-17T22:02:24.702+00:00","2026-04-24T08:46:55.384+00:00",360,NA,"PRESERVED_SPECIMEN",NA,"PRESENT",2858471,6,7707728,196,1169,7682,2858200,2858471,2858471,"Narcissus tortifolius Fern.Casas","Plantae","Tracheophyta","Asparagales","Amaryllidaceae","Narcissus","Narcissus tortifolius","Narcissus","tortifolius","SPECIES","ACCEPTED",NA,"EUROPE","Mu",2001,1,7,"2001-01-07",7,7,"2026-04-24T08:46:55.384+00:00","http://creativecommons.org/licenses/by-nc/4.0/legalcode",FALSE,"211648475","none","none","0d3bc86d-03b3-4475-b018-67c8c79d97cd",FALSE,NA,"J. A. López","P. Sánchez-Gómez","none","WGS84","Liliopsida","ES","none","none","EUROPE","Spain","EUROPE","MUB",NA,NA,NA,"366","Cartagena; Del Campillo a La Azohía","211648475",NA,"SURESTE","211648475",NA,"49763-1","MUB","Narcissus tortifolius Fern.Casas",20,0,0,0,NA,NA,NA,NA,NA,NA,NA,NA,NA,NA,NA,NA,NA,NA,NA,NA,"none",NA,NA,NA,NA,NA,NA,NA,NA,NA,NA
"211648482","Narcissus tortifolius Fern.Casas",37.71,-1.11,"cdc,gass84,cdpi,colmano,inmafu","96b9eec4-f762-11e1-a439-00145eb45e9a","eba6daa8-0281-479e-aa2d-d78a2614db93","2a3f6a56-7591-4f05-8c4c-a1bb77aa4ea6","6c4a0bb0-2a4d-11d8-aa2d-b8a03c50a862","ES","EML","2026-04-17T22:02:24.702+00:00","2026-04-24T08:46:57.671+00:00",360,NA,"PRESERVED_SPECIMEN",NA,"PRESENT",2858471,6,7707728,196,1169,7682,2858200,2858471,2858471,"Narcissus tortifolius Fern.Casas","Plantae","Tracheophyta","Asparagales","Amaryllidaceae","Narcissus","Narcissus tortifolius","Narcissus","tortifolius","SPECIES","ACCEPTED",NA,"EUROPE","Mu",2000,1,27,"2000-01-27",27,27,"2026-04-24T08:46:57.671+00:00","http://creativecommons.org/licenses/by-nc/4.0/legalcode",FALSE,"211648482","none","none","0d3bc86d-03b3-4475-b018-67c8c79d97cd",FALSE,NA,"P. Sánchez-Gómez, M. A. Carrión, A. F. Carrillo & G. Rabal","P. Sánchez-Gómez","none","WGS84","Liliopsida","ES","none","none","EUROPE","Spain","EUROPE","MUB",NA,NA,NA,"366","Cartagena; Entre Rambla de Fuente Alamo y carretera Fuente Alamo-La Aljorra.","211648482",NA,"SURESTE","211648482",NA,"49770-1","MUB","Narcissus tortifolius Fern.Casas",1,0,0,0,NA,NA,NA,NA,NA,NA,NA,NA,NA,NA,NA,NA,NA,NA,NA,NA,NA,NA,NA,NA,NA,NA,NA,NA,NA,NA,NA
"211648483","Narcissus tortifolius Fern.Casas",37.71,-1.11,"cdc,gass84,cdpi,colmano,inmafu","96b9eec4-f762-11e1-a439-00145eb45e9a","eba6daa8-0281-479e-aa2d-d78a2614db93","2a3f6a56-7591-4f05-8c4c-a1bb77aa4ea6","6c4a0bb0-2a4d-11d8-aa2d-b8a03c50a862","ES","EML","2026-04-17T22:02:24.702+00:00","2026-04-24T08:46:56.942+00:00",360,NA,"PRESERVED_SPECIMEN",NA,"PRESENT",2858471,6,7707728,196,1169,7682,2858200,2858471,2858471,"Narcissus tortifolius Fern.Casas","Plantae","Tracheophyta","Asparagales","Amaryllidaceae","Narcissus","Narcissus tortifolius","Narcissus","tortifolius","SPECIES","ACCEPTED",NA,"EUROPE","Mu",2000,1,27,"2000-01-27",27,27,"2026-04-24T08:46:56.942+00:00","http://creativecommons.org/licenses/by-nc/4.0/legalcode",FALSE,"211648483","none","none","0d3bc86d-03b3-4475-b018-67c8c79d97cd",FALSE,NA,"P. Sánchez-Gómez, M. A. Carrión, A. F. Carrillo & G. Rabal","P. Sánchez-Gómez","none","WGS84","Liliopsida","ES","none","none","EUROPE","Spain","EUROPE","MUB",NA,NA,NA,"366","Cartagena; Entre Rambla de Fuente Alamo y carretera Fuente Alamo-La Aljorra.","211648483",NA,"SURESTE","211648483",NA,"49771-1","MUB","Narcissus tortifolius Fern.Casas",1,0,0,0,NA,NA,NA,NA,NA,NA,NA,NA,NA,NA,NA,NA,NA,NA,NA,NA,NA,NA,NA,NA,NA,NA,NA,NA,NA,NA,NA
"211648484","Narcissus tortifolius Fern.Casas",37.71,-1.11,"cdc,gass84,cdpi,colmano,inmafu","96b9eec4-f762-11e1-a439-00145eb45e9a","eba6daa8-0281-479e-aa2d-d78a2614db93","2a3f6a56-7591-4f05-8c4c-a1bb77aa4ea6","6c4a0bb0-2a4d-11d8-aa2d-b8a03c50a862","ES","EML","2026-04-17T22:02:24.702+00:00","2026-04-24T08:46:54.681+00:00",360,NA,"PRESERVED_SPECIMEN",NA,"PRESENT",2858471,6,7707728,196,1169,7682,2858200,2858471,2858471,"Narcissus tortifolius Fern.Casas","Plantae","Tracheophyta","Asparagales","Amaryllidaceae","Narcissus","Narcissus tortifolius","Narcissus","tortifolius","SPECIES","ACCEPTED",NA,"EUROPE","Mu",2000,1,27,"2000-01-27",27,27,"2026-04-24T08:46:54.681+00:00","http://creativecommons.org/licenses/by-nc/4.0/legalcode",FALSE,"211648484","none","none","0d3bc86d-03b3-4475-b018-67c8c79d97cd",FALSE,NA,"P. Sánchez-Gómez, M. A. Carrión, A. F. Carrillo & G. Rabal","P. Sánchez-Gómez","none","WGS84","Liliopsida","ES","none","none","EUROPE","Spain","EUROPE","MUB",NA,NA,NA,"366","Cartagena; Entre Rambla de Fuente Alamo y carretera Fuente Alamo-La Aljorra.","211648484",NA,"SURESTE","211648484",NA,"49772-1","MUB","Narcissus tortifolius Fern.Casas",1,0,0,0,NA,NA,NA,NA,NA,NA,NA,NA,NA,NA,NA,NA,NA,NA,NA,NA,NA,NA,NA,NA,NA,NA,NA,NA,NA,NA,NA
"415621258","Narcissus tortifolius Fern.Casas",37.71,-1.13,"cdc,gass84,iddativ,osiic,colmafu,inmafu","962cceea-f762-11e1-a439-00145eb45e9a","7fadb370-f921-11dd-af50-b8a03c50a862","2a3f6a56-7591-4f05-8c4c-a1bb77aa4ea6","6c4a0bb0-2a4d-11d8-aa2d-b8a03c50a862","ES","EML","2026-04-17T22:12:36.543+00:00","2026-04-24T14:08:08.757+00:00",392,NA,"PRESERVED_SPECIMEN",1,"PRESENT",2858471,6,7707728,196,1169,7682,2858200,2858471,2858471,"Narcissus tortifolius Fern.Casas","Plantae","Tracheophyta","Asparagales","Amaryllidaceae","Narcissus","Narcissus tortifolius","Narcissus","tortifolius","SPECIES","ACCEPTED",7071,"EUROPE","Murcia",2000,1,27,"2000-01-27",27,27,"2026-04-24T14:08:08.757+00:00","http://creativecommons.org/licenses/by-nc/4.0/legalcode",FALSE,"D0DDACDC-D827-41EB-AC7B-6B7F4E18B391","none","none","f9fd1a64-464a-4cbf-8a6c-60d7ca4e4446",FALSE,"MGC Herbarium University of Malaga (Spain): MGC-Cormof dataset","G. Rabal, P. Sánchez-Gómez, A. F. Carrillo & M. A. Carrión Vilches","F. J. Fernández Casas","none","WGS84","Liliopsida","ES","none","none","EUROPE","Spain","EUROPE",NA,"D0DDACDC-D827-41EB-AC7B-6B7F4E18B391","En pastizales de Brachypodium retusum sobre filitas","27/01/2000","417","Río Seco","415621258","es","MGC-Cormof","D0DDACDC-D827-41EB-AC7B-6B7F4E18B391","PhysicalObject","47682-1","MGC","Narcissus tortifolius Fern.Casas",NA,NA,NA,NA,"2024-12-20T12:00:00.000+00:00","dcf31393-fdcd-48d6-8e33-7eb584ab9ed3","Pliego",NA,"https://www.gbif.org/publisher/7fadb370-f921-11dd-af50-b8a03c50a862","Cartagena","in collection",NA,NA,NA,NA,NA,"MGC:MGC-Cormof:47682-1",NA,NA,NA,NA,"2013-06-14T15:24:00.000+02:00","73157","MGC-Cormof","http://digir.sourceforge.net/schema/conceptual/darwin/2003/1.0/darwin2.xsd","1000",NA,NA,NA,NA,NA
"211647577","Narcissus tortifolius Fern.Casas",37.61,-1.11,"cdc,gass84,cdpi,colmano,inmafu","96b9eec4-f762-11e1-a439-00145eb45e9a","eba6daa8-0281-479e-aa2d-d78a2614db93","2a3f6a56-7591-4f05-8c4c-a1bb77aa4ea6","6c4a0bb0-2a4d-11d8-aa2d-b8a03c50a862","ES","EML","2026-04-17T22:02:24.702+00:00","2026-04-24T08:46:56.839+00:00",360,NA,"PRESERVED_SPECIMEN",NA,"PRESENT",2858471,6,7707728,196,1169,7682,2858200,2858471,2858471,"Narcissus tortifolius Fern.Casas","Plantae","Tracheophyta","Asparagales","Amaryllidaceae","Narcissus","Narcissus tortifolius","Narcissus","tortifolius","SPECIES","ACCEPTED",NA,"EUROPE","Mu",2000,2,17,"2000-02-17",48,48,"2026-04-24T08:46:56.839+00:00","http://creativecommons.org/licenses/by-nc/4.0/legalcode",FALSE,"211647577","none","none","0d3bc86d-03b3-4475-b018-67c8c79d97cd",FALSE,NA,"P. Sánchez-Gómez, M. A. Carrión & G. Rabal","P. Sánchez-Gómez","none","WGS84","Liliopsida","ES","none","none","EUROPE","Spain","EUROPE","MUB",NA,NA,NA,"366","Cartagena; Los Ruices","211647577",NA,"SURESTE","211647577",NA,"100851-1","MUB","Narcissus tortifolius Fern.Casas",320,0,0,0,NA,NA,NA,NA,NA,NA,NA,NA,NA,NA,NA,NA,NA,NA,NA,NA,NA,NA,NA,NA,NA,NA,NA,NA,NA,NA,NA
"211647579","Narcissus tortifolius Fern.Casas",37.11,-2.01,"cdc,gass84,cdpi,colmano,inmafu","96b9eec4-f762-11e1-a439-00145eb45e9a","eba6daa8-0281-479e-aa2d-d78a2614db93","2a3f6a56-7591-4f05-8c4c-a1bb77aa4ea6","6c4a0bb0-2a4d-11d8-aa2d-b8a03c50a862","ES","EML","2026-04-17T22:02:24.702+00:00","2026-04-24T08:46:56.760+00:00",360,NA,"PRESERVED_SPECIMEN",NA,"PRESENT",2858471,6,7707728,196,1169,7682,2858200,2858471,2858471,"Narcissus tortifolius Fern.Casas","Plantae","Tracheophyta","Asparagales","Amaryllidaceae","Narcissus","Narcissus tortifolius","Narcissus","tortifolius","SPECIES","ACCEPTED",NA,"EUROPE","Al",2000,2,11,"2000-02-11",42,42,"2026-04-24T08:46:56.760+00:00","http://creativecommons.org/licenses/by-nc/4.0/legalcode",FALSE,"211647579","none","none","0d3bc86d-03b3-4475-b018-67c8c79d97cd",FALSE,NA,"P. Sánchez-Gómez, A. F. Carrillo & M. A. Carrión","P. Sánchez-Gómez","none","WGS84","Liliopsida","ES","none","none","EUROPE","Spain","EUROPE","MUB",NA,NA,NA,"366","Sorbas; Los Castaños","211647579",NA,"SURESTE","211647579",NA,"100853-1","MUB","Narcissus tortifolius Fern.Casas",400,0,0,0,NA,NA,NA,NA,NA,NA,NA,NA,NA,NA,NA,NA,NA,NA,NA,NA,NA,NA,NA,NA,NA,NA,NA,NA,NA,NA,NA
"211647580","Narcissus tortifolius Fern.Casas",37.11,-2.01,"cdc,gass84,cdpi,colmano,inmafu","96b9eec4-f762-11e1-a439-00145eb45e9a","eba6daa8-0281-479e-aa2d-d78a2614db93","2a3f6a56-7591-4f05-8c4c-a1bb77aa4ea6","6c4a0bb0-2a4d-11d8-aa2d-b8a03c50a862","ES","EML","2026-04-17T22:02:24.702+00:00","2026-04-24T08:46:57.241+00:00",360,NA,"PRESERVED_SPECIMEN",NA,"PRESENT",2858471,6,7707728,196,1169,7682,2858200,2858471,2858471,"Narcissus tortifolius Fern.Casas","Plantae","Tracheophyta","Asparagales","Amaryllidaceae","Narcissus","Narcissus tortifolius","Narcissus","tortifolius","SPECIES","ACCEPTED",NA,"EUROPE","Al",2000,2,11,"2000-02-11",42,42,"2026-04-24T08:46:57.241+00:00","http://creativecommons.org/licenses/by-nc/4.0/legalcode",FALSE,"211647580","none","none","0d3bc86d-03b3-4475-b018-67c8c79d97cd",FALSE,NA,"P. Sánchez-Gómez, A. F. Carrillo & M. A. Carrión","P. Sánchez-Gómez","none","WGS84","Liliopsida","ES","none","none","EUROPE","Spain","EUROPE","MUB",NA,NA,NA,"366","Sorbas; Los Castaños","211647580",NA,"SURESTE","211647580",NA,"100854-1","MUB","Narcissus tortifolius Fern.Casas",400,0,0,0,NA,NA,NA,NA,NA,NA,NA,NA,NA,NA,NA,NA,NA,NA,NA,NA,NA,NA,NA,NA,NA,NA,NA,NA,NA,NA,NA
"211647581","Narcissus tortifolius Fern.Casas",37.11,-2.01,"cdc,gass84,cdpi,colmano,inmafu","96b9eec4-f762-11e1-a439-00145eb45e9a","eba6daa8-0281-479e-aa2d-d78a2614db93","2a3f6a56-7591-4f05-8c4c-a1bb77aa4ea6","6c4a0bb0-2a4d-11d8-aa2d-b8a03c50a862","ES","EML","2026-04-17T22:02:24.702+00:00","2026-04-24T08:46:53.395+00:00",360,NA,"PRESERVED_SPECIMEN",NA,"PRESENT",2858471,6,7707728,196,1169,7682,2858200,2858471,2858471,"Narcissus tortifolius Fern.Casas","Plantae","Tracheophyta","Asparagales","Amaryllidaceae","Narcissus","Narcissus tortifolius","Narcissus","tortifolius","SPECIES","ACCEPTED",NA,"EUROPE","Al",2000,2,11,"2000-02-11",42,42,"2026-04-24T08:46:53.395+00:00","http://creativecommons.org/licenses/by-nc/4.0/legalcode",FALSE,"211647581","none","none","0d3bc86d-03b3-4475-b018-67c8c79d97cd",FALSE,NA,"P. Sánchez-Gómez, A. F. Carrillo & M. A. Carrión","P. Sánchez-Gómez","none","WGS84","Liliopsida","ES","none","none","EUROPE","Spain","EUROPE","MUB",NA,NA,NA,"366","Sorbas; Los Castaños","211647581",NA,"SURESTE","211647581",NA,"100855-1","MUB","Narcissus tortifolius Fern.Casas",400,0,0,0,NA,NA,NA,NA,NA,NA,NA,NA,NA,NA,NA,NA,NA,NA,NA,NA,NA,NA,NA,NA,NA,NA,NA,NA,NA,NA,NA
"211647582","Narcissus tortifolius Fern.Casas",37.11,-2.01,"cdc,gass84,cdpi,colmano,inmafu","96b9eec4-f762-11e1-a439-00145eb45e9a","eba6daa8-0281-479e-aa2d-d78a2614db93","2a3f6a56-7591-4f05-8c4c-a1bb77aa4ea6","6c4a0bb0-2a4d-11d8-aa2d-b8a03c50a862","ES","EML","2026-04-17T22:02:24.702+00:00","2026-04-24T08:46:51.995+00:00",360,NA,"PRESERVED_SPECIMEN",NA,"PRESENT",2858471,6,7707728,196,1169,7682,2858200,2858471,2858471,"Narcissus tortifolius Fern.Casas","Plantae","Tracheophyta","Asparagales","Amaryllidaceae","Narcissus","Narcissus tortifolius","Narcissus","tortifolius","SPECIES","ACCEPTED",NA,"EUROPE","Al",2000,2,11,"2000-02-11",42,42,"2026-04-24T08:46:51.995+00:00","http://creativecommons.org/licenses/by-nc/4.0/legalcode",FALSE,"211647582","none","none","0d3bc86d-03b3-4475-b018-67c8c79d97cd",FALSE,NA,"P. Sánchez-Gómez, A. F. Carrillo & M. A. Carrión","P. Sánchez-Gómez","none","WGS84","Liliopsida","ES","none","none","EUROPE","Spain","EUROPE","MUB",NA,NA,NA,"366","Sorbas; Los Castaños","211647582",NA,"SURESTE","211647582",NA,"100856-1","MUB","Narcissus tortifolius Fern.Casas",400,0,0,0,NA,NA,NA,NA,NA,NA,NA,NA,NA,NA,NA,NA,NA,NA,NA,NA,NA,NA,NA,NA,NA,NA,NA,NA,NA,NA,NA
"211647583","Narcissus tortifolius Fern.Casas",37.11,-2.01,"cdc,gass84,cdpi,colmano,inmafu","96b9eec4-f762-11e1-a439-00145eb45e9a","eba6daa8-0281-479e-aa2d-d78a2614db93","2a3f6a56-7591-4f05-8c4c-a1bb77aa4ea6","6c4a0bb0-2a4d-11d8-aa2d-b8a03c50a862","ES","EML","2026-04-17T22:02:24.702+00:00","2026-04-24T08:46:57.159+00:00",360,NA,"PRESERVED_SPECIMEN",NA,"PRESENT",2858471,6,7707728,196,1169,7682,2858200,2858471,2858471,"Narcissus tortifolius Fern.Casas","Plantae","Tracheophyta","Asparagales","Amaryllidaceae","Narcissus","Narcissus tortifolius","Narcissus","tortifolius","SPECIES","ACCEPTED",NA,"EUROPE","Al",2000,2,11,"2000-02-11",42,42,"2026-04-24T08:46:57.159+00:00","http://creativecommons.org/licenses/by-nc/4.0/legalcode",FALSE,"211647583","none","none","0d3bc86d-03b3-4475-b018-67c8c79d97cd",FALSE,NA,"P. Sánchez-Gómez, A. F. Carrillo & M. A. Carrión","P. Sánchez-Gómez","none","WGS84","Liliopsida","ES","none","none","EUROPE","Spain","EUROPE","MUB",NA,NA,NA,"366","Sorbas; Los Castaños","211647583",NA,"SURESTE","211647583",NA,"100857-1","MUB","Narcissus tortifolius Fern.Casas",400,0,0,0,NA,NA,NA,NA,NA,NA,NA,NA,NA,NA,NA,NA,NA,NA,NA,NA,NA,NA,NA,NA,NA,NA,NA,NA,NA,NA,NA
"211647584","Narcissus tortifolius Fern.Casas",37.11,-2.01,"cdc,gass84,cdpi,colmano,inmafu","96b9eec4-f762-11e1-a439-00145eb45e9a","eba6daa8-0281-479e-aa2d-d78a2614db93","2a3f6a56-7591-4f05-8c4c-a1bb77aa4ea6","6c4a0bb0-2a4d-11d8-aa2d-b8a03c50a862","ES","EML","2026-04-17T22:02:24.702+00:00","2026-04-24T08:46:54.337+00:00",360,NA,"PRESERVED_SPECIMEN",NA,"PRESENT",2858471,6,7707728,196,1169,7682,2858200,2858471,2858471,"Narcissus tortifolius Fern.Casas","Plantae","Tracheophyta","Asparagales","Amaryllidaceae","Narcissus","Narcissus tortifolius","Narcissus","tortifolius","SPECIES","ACCEPTED",NA,"EUROPE","Al",2000,2,11,"2000-02-11",42,42,"2026-04-24T08:46:54.337+00:00","http://creativecommons.org/licenses/by-nc/4.0/legalcode",FALSE,"211647584","none","none","0d3bc86d-03b3-4475-b018-67c8c79d97cd",FALSE,NA,"P. Sánchez-Gómez, A. F. Carrillo & M. A. Carrión","P. Sánchez-Gómez","none","WGS84","Liliopsida","ES","none","none","EUROPE","Spain","EUROPE","MUB",NA,NA,NA,"366","Sorbas; Los Castaños","211647584",NA,"SURESTE","211647584",NA,"100858-1","MUB","Narcissus tortifolius Fern.Casas",400,0,0,0,NA,NA,NA,NA,NA,NA,NA,NA,NA,NA,NA,NA,NA,NA,NA,NA,NA,NA,NA,NA,NA,NA,NA,NA,NA,NA,NA
"211647585","Narcissus tortifolius Fern.Casas",37.11,-2.01,"cdc,gass84,cdpi,colmano,inmafu","96b9eec4-f762-11e1-a439-00145eb45e9a","eba6daa8-0281-479e-aa2d-d78a2614db93","2a3f6a56-7591-4f05-8c4c-a1bb77aa4ea6","6c4a0bb0-2a4d-11d8-aa2d-b8a03c50a862","ES","EML","2026-04-17T22:02:24.702+00:00","2026-04-24T08:46:52.423+00:00",360,NA,"PRESERVED_SPECIMEN",NA,"PRESENT",2858471,6,7707728,196,1169,7682,2858200,2858471,2858471,"Narcissus tortifolius Fern.Casas","Plantae","Tracheophyta","Asparagales","Amaryllidaceae","Narcissus","Narcissus tortifolius","Narcissus","tortifolius","SPECIES","ACCEPTED",NA,"EUROPE","Al",2000,2,11,"2000-02-11",42,42,"2026-04-24T08:46:52.423+00:00","http://creativecommons.org/licenses/by-nc/4.0/legalcode",FALSE,"211647585","none","none","0d3bc86d-03b3-4475-b018-67c8c79d97cd",FALSE,NA,"P. Sánchez-Gómez, A. F. Carrillo & M. A. Carrión","P. Sánchez-Gómez","none","WGS84","Liliopsida","ES","none","none","EUROPE","Spain","EUROPE","MUB",NA,NA,NA,"366","Sorbas; Los Castaños","211647585",NA,"SURESTE","211647585",NA,"100859-1","MUB","Narcissus tortifolius Fern.Casas",400,0,0,0,NA,NA,NA,NA,NA,NA,NA,NA,NA,NA,NA,NA,NA,NA,NA,NA,NA,NA,NA,NA,NA,NA,NA,NA,NA,NA,NA
"211648476","Narcissus tortifolius Fern.Casas",37.61,-1.11,"cdc,gass84,cdpi,colmano,inmafu","96b9eec4-f762-11e1-a439-00145eb45e9a","eba6daa8-0281-479e-aa2d-d78a2614db93","2a3f6a56-7591-4f05-8c4c-a1bb77aa4ea6","6c4a0bb0-2a4d-11d8-aa2d-b8a03c50a862","ES","EML","2026-04-17T22:02:24.702+00:00","2026-04-24T08:46:52.608+00:00",360,NA,"PRESERVED_SPECIMEN",NA,"PRESENT",2858471,6,7707728,196,1169,7682,2858200,2858471,2858471,"Narcissus tortifolius Fern.Casas","Plantae","Tracheophyta","Asparagales","Amaryllidaceae","Narcissus","Narcissus tortifolius","Narcissus","tortifolius","SPECIES","ACCEPTED",NA,"EUROPE","Mu",2000,2,17,"2000-02-17",48,48,"2026-04-24T08:46:52.608+00:00","http://creativecommons.org/licenses/by-nc/4.0/legalcode",FALSE,"211648476","none","none","0d3bc86d-03b3-4475-b018-67c8c79d97cd",FALSE,NA,"P. Sánchez-Gómez, M. A. Carrión & G. Rabal","P. Sánchez-Gómez","none","WGS84","Liliopsida","ES","none","none","EUROPE","Spain","EUROPE","MUB",NA,NA,NA,"366","Cartagena; Los Ruices","211648476",NA,"SURESTE","211648476",NA,"49764-1","MUB","Narcissus tortifolius Fern.Casas",320,0,0,0,NA,NA,NA,NA,NA,NA,NA,NA,NA,NA,NA,NA,NA,NA,NA,NA,NA,NA,NA,NA,NA,NA,NA,NA,NA,NA,NA
"211648477","Narcissus tortifolius Fern.Casas",37.61,-1.11,"cdc,gass84,cdpi,colmano,inmafu","96b9eec4-f762-11e1-a439-00145eb45e9a","eba6daa8-0281-479e-aa2d-d78a2614db93","2a3f6a56-7591-4f05-8c4c-a1bb77aa4ea6","6c4a0bb0-2a4d-11d8-aa2d-b8a03c50a862","ES","EML","2026-04-17T22:02:24.702+00:00","2026-04-24T08:46:56.772+00:00",360,NA,"PRESERVED_SPECIMEN",NA,"PRESENT",2858471,6,7707728,196,1169,7682,2858200,2858471,2858471,"Narcissus tortifolius Fern.Casas","Plantae","Tracheophyta","Asparagales","Amaryllidaceae","Narcissus","Narcissus tortifolius","Narcissus","tortifolius","SPECIES","ACCEPTED",NA,"EUROPE","Mu",2000,2,17,"2000-02-17",48,48,"2026-04-24T08:46:56.772+00:00","http://creativecommons.org/licenses/by-nc/4.0/legalcode",FALSE,"211648477","none","none","0d3bc86d-03b3-4475-b018-67c8c79d97cd",FALSE,NA,"P. Sánchez-Gómez, M. A. Carrión & G. Rabal","P. Sánchez-Gómez","none","WGS84","Liliopsida","ES","none","none","EUROPE","Spain","EUROPE","MUB",NA,NA,NA,"366","Cartagena; Los Ruices","211648477",NA,"SURESTE","211648477",NA,"49765-1","MUB","Narcissus tortifolius Fern.Casas",320,0,0,0,NA,NA,NA,NA,NA,NA,NA,NA,NA,NA,NA,NA,NA,NA,NA,NA,NA,NA,NA,NA,NA,NA,NA,NA,NA,NA,NA
"211648478","Narcissus tortifolius Fern.Casas",37.61,-1.11,"cdc,gass84,cdpi,colmano,inmafu","96b9eec4-f762-11e1-a439-00145eb45e9a","eba6daa8-0281-479e-aa2d-d78a2614db93","2a3f6a56-7591-4f05-8c4c-a1bb77aa4ea6","6c4a0bb0-2a4d-11d8-aa2d-b8a03c50a862","ES","EML","2026-04-17T22:02:24.702+00:00","2026-04-24T08:46:56.831+00:00",360,NA,"PRESERVED_SPECIMEN",NA,"PRESENT",2858471,6,7707728,196,1169,7682,2858200,2858471,2858471,"Narcissus tortifolius Fern.Casas","Plantae","Tracheophyta","Asparagales","Amaryllidaceae","Narcissus","Narcissus tortifolius","Narcissus","tortifolius","SPECIES","ACCEPTED",NA,"EUROPE","Mu",2000,2,17,"2000-02-17",48,48,"2026-04-24T08:46:56.831+00:00","http://creativecommons.org/licenses/by-nc/4.0/legalcode",FALSE,"211648478","none","none","0d3bc86d-03b3-4475-b018-67c8c79d97cd",FALSE,NA,"P. Sánchez-Gómez, M. A. Carrión & G. Rabal","P. Sánchez-Gómez","none","WGS84","Liliopsida","ES","none","none","EUROPE","Spain","EUROPE","MUB",NA,NA,NA,"366","Cartagena; Los Ruices","211648478",NA,"SURESTE","211648478",NA,"49766-1","MUB","Narcissus tortifolius Fern.Casas",350,0,0,0,NA,NA,NA,NA,NA,NA,NA,NA,NA,NA,NA,NA,NA,NA,NA,NA,NA,NA,NA,NA,NA,NA,NA,NA,NA,NA,NA
"211648479","Narcissus tortifolius Fern.Casas",37.61,-1.11,"cdc,gass84,cdpi,colmano,inmafu","96b9eec4-f762-11e1-a439-00145eb45e9a","eba6daa8-0281-479e-aa2d-d78a2614db93","2a3f6a56-7591-4f05-8c4c-a1bb77aa4ea6","6c4a0bb0-2a4d-11d8-aa2d-b8a03c50a862","ES","EML","2026-04-17T22:02:24.702+00:00","2026-04-24T08:46:56.074+00:00",360,NA,"PRESERVED_SPECIMEN",NA,"PRESENT",2858471,6,7707728,196,1169,7682,2858200,2858471,2858471,"Narcissus tortifolius Fern.Casas","Plantae","Tracheophyta","Asparagales","Amaryllidaceae","Narcissus","Narcissus tortifolius","Narcissus","tortifolius","SPECIES","ACCEPTED",NA,"EUROPE","Mu",2000,2,17,"2000-02-17",48,48,"2026-04-24T08:46:56.074+00:00","http://creativecommons.org/licenses/by-nc/4.0/legalcode",FALSE,"211648479","none","none","0d3bc86d-03b3-4475-b018-67c8c79d97cd",FALSE,NA,"P. Sánchez-Gómez, M. A. Carrión & G. Rabal","P. Sánchez-Gómez","none","WGS84","Liliopsida","ES","none","none","EUROPE","Spain","EUROPE","MUB",NA,NA,NA,"366","Cartagena; Los Ruices","211648479",NA,"SURESTE","211648479",NA,"49767-1","MUB","Narcissus tortifolius Fern.Casas",350,0,0,0,NA,NA,NA,NA,NA,NA,NA,NA,NA,NA,NA,NA,NA,NA,NA,NA,NA,NA,NA,NA,NA,NA,NA,NA,NA,NA,NA
"211648480","Narcissus tortifolius Fern.Casas",37.51,-1.11,"cdc,gass84,cdpi,colmano,inmafu","96b9eec4-f762-11e1-a439-00145eb45e9a","eba6daa8-0281-479e-aa2d-d78a2614db93","2a3f6a56-7591-4f05-8c4c-a1bb77aa4ea6","6c4a0bb0-2a4d-11d8-aa2d-b8a03c50a862","ES","EML","2026-04-17T22:02:24.702+00:00","2026-04-24T08:46:55.479+00:00",360,NA,"PRESERVED_SPECIMEN",NA,"PRESENT",2858471,6,7707728,196,1169,7682,2858200,2858471,2858471,"Narcissus tortifolius Fern.Casas","Plantae","Tracheophyta","Asparagales","Amaryllidaceae","Narcissus","Narcissus tortifolius","Narcissus","tortifolius","SPECIES","ACCEPTED",NA,"EUROPE","Mu",2000,2,24,"2000-02-24",55,55,"2026-04-24T08:46:55.479+00:00","http://creativecommons.org/licenses/by-nc/4.0/legalcode",FALSE,"211648480","none","none","0d3bc86d-03b3-4475-b018-67c8c79d97cd",FALSE,NA,"P. Sánchez-Gómez, M. A. Carrión, A. F. Carrillo & G. Rabal","P. Sánchez-Gómez","none","WGS84","Liliopsida","ES","none","none","EUROPE","Spain","EUROPE","MUB",NA,NA,NA,"366","Cartagena; La Mojonera, La Azohía","211648480",NA,"SURESTE","211648480",NA,"49768-1","MUB","Narcissus tortifolius Fern.Casas",1,0,0,0,NA,NA,NA,NA,NA,NA,NA,NA,NA,NA,NA,NA,NA,NA,NA,NA,"none",NA,NA,NA,NA,NA,NA,NA,NA,NA,NA
"211648481","Narcissus tortifolius Fern.Casas",37.51,-1.11,"cdc,gass84,cdpi,colmano,inmafu","96b9eec4-f762-11e1-a439-00145eb45e9a","eba6daa8-0281-479e-aa2d-d78a2614db93","2a3f6a56-7591-4f05-8c4c-a1bb77aa4ea6","6c4a0bb0-2a4d-11d8-aa2d-b8a03c50a862","ES","EML","2026-04-17T22:02:24.702+00:00","2026-04-24T08:46:50.537+00:00",360,NA,"PRESERVED_SPECIMEN",NA,"PRESENT",2858471,6,7707728,196,1169,7682,2858200,2858471,2858471,"Narcissus tortifolius Fern.Casas","Plantae","Tracheophyta","Asparagales","Amaryllidaceae","Narcissus","Narcissus tortifolius","Narcissus","tortifolius","SPECIES","ACCEPTED",NA,"EUROPE","Mu",2000,2,24,"2000-02-24",55,55,"2026-04-24T08:46:50.537+00:00","http://creativecommons.org/licenses/by-nc/4.0/legalcode",FALSE,"211648481","none","none","0d3bc86d-03b3-4475-b018-67c8c79d97cd",FALSE,NA,"P. Sánchez-Gómez, M. A. Carrión, A. F. Carrillo & G. Rabal","P. Sánchez-Gómez","none","WGS84","Liliopsida","ES","none","none","EUROPE","Spain","EUROPE","MUB",NA,NA,NA,"366","Cartagena; La Mojonera, La Azohía","211648481",NA,"SURESTE","211648481",NA,"49769-1","MUB","Narcissus tortifolius Fern.Casas",1,0,0,0,NA,NA,NA,NA,NA,NA,NA,NA,NA,NA,NA,NA,NA,NA,NA,NA,"none",NA,NA,NA,NA,NA,NA,NA,NA,NA,NA
"415621259","Narcissus tortifolius Fern.Casas",37.89,-1.24,"cdc,gass84,iddativ,osiic,colmafu,inmafu","962cceea-f762-11e1-a439-00145eb45e9a","7fadb370-f921-11dd-af50-b8a03c50a862","2a3f6a56-7591-4f05-8c4c-a1bb77aa4ea6","6c4a0bb0-2a4d-11d8-aa2d-b8a03c50a862","ES","EML","2026-04-17T22:12:36.543+00:00","2026-04-24T14:05:11.448+00:00",392,NA,"PRESERVED_SPECIMEN",1,"PRESENT",2858471,6,7707728,196,1169,7682,2858200,2858471,2858471,"Narcissus tortifolius Fern.Casas","Plantae","Tracheophyta","Asparagales","Amaryllidaceae","Narcissus","Narcissus tortifolius","Narcissus","tortifolius","SPECIES","ACCEPTED",7071,"EUROPE","Murcia",2000,2,24,"2000-02-24",55,55,"2026-04-24T14:05:11.448+00:00","http://creativecommons.org/licenses/by-nc/4.0/legalcode",FALSE,"3AA455B2-FE6C-48D1-B3D2-FAF1EFE485CA","none","none","f9fd1a64-464a-4cbf-8a6c-60d7ca4e4446",FALSE,"MGC Herbarium University of Malaga (Spain): MGC-Cormof dataset","G. Rabal, P. Sánchez-Gómez, A. F. Carrillo & M. A. Carrión","F. J. Fernández Casas","none","WGS84","Liliopsida","ES","none","none","EUROPE","Spain","EUROPE",NA,"3AA455B2-FE6C-48D1-B3D2-FAF1EFE485CA","En claros de cornicales sobre litosuelos calizos","24/02/2000","417","La Mojonera","415621259","es","MGC-Cormof","3AA455B2-FE6C-48D1-B3D2-FAF1EFE485CA","PhysicalObject","47683-1","MGC","Narcissus tortifolius Fern.Casas",NA,NA,NA,NA,"2024-12-20T12:00:00.000+00:00","dcf31393-fdcd-48d6-8e33-7eb584ab9ed3","Pliego",NA,"https://www.gbif.org/publisher/7fadb370-f921-11dd-af50-b8a03c50a862","Cartagena","in collection",NA,NA,NA,NA,NA,"MGC:MGC-Cormof:47683-1",NA,NA,NA,NA,"2013-06-14T15:24:00.000+02:00","73157","MGC-Cormof","http://digir.sourceforge.net/schema/conceptual/darwin/2003/1.0/darwin2.xsd","1000",NA,NA,NA,NA,NA
"415621260","Narcissus tortifolius Fern.Casas",37.62,-1.13,"cdc,gass84,iddativ,osiic,colmafu,inmafu","962cceea-f762-11e1-a439-00145eb45e9a","7fadb370-f921-11dd-af50-b8a03c50a862","2a3f6a56-7591-4f05-8c4c-a1bb77aa4ea6","6c4a0bb0-2a4d-11d8-aa2d-b8a03c50a862","ES","EML","2026-04-17T22:12:36.543+00:00","2026-04-24T14:10:55.087+00:00",392,NA,"PRESERVED_SPECIMEN",1,"PRESENT",2858471,6,7707728,196,1169,7682,2858200,2858471,2858471,"Narcissus tortifolius Fern.Casas","Plantae","Tracheophyta","Asparagales","Amaryllidaceae","Narcissus","Narcissus tortifolius","Narcissus","tortifolius","SPECIES","ACCEPTED",7071,"EUROPE","Murcia",2000,2,17,"2000-02-17",48,48,"2026-04-24T14:10:55.087+00:00","http://creativecommons.org/licenses/by-nc/4.0/legalcode",FALSE,"F74FDA17-0C3E-40F1-AB89-050B01F7A032","none","none","f9fd1a64-464a-4cbf-8a6c-60d7ca4e4446",FALSE,"MGC Herbarium University of Malaga (Spain): MGC-Cormof dataset","G. Rabal, P. Sánchez-Gómez, F. de Castro & M. A. Carrión Vilches","F. J. Fernández Casas","none","WGS84","Liliopsida","ES","none","none","EUROPE","Spain","EUROPE",NA,"F74FDA17-0C3E-40F1-AB89-050B01F7A032","Claros de albaidal (Anthyllis cytisoides) y de jaral (Cistus albidus), sobre esquistos","17/02/2000","417","Los Ruices","415621260","es","MGC-Cormof","F74FDA17-0C3E-40F1-AB89-050B01F7A032","PhysicalObject","47684-1","MGC","Narcissus tortifolius Fern.Casas",NA,NA,NA,NA,"2024-12-20T12:00:00.000+00:00","dcf31393-fdcd-48d6-8e33-7eb584ab9ed3","Pliego",NA,"https://www.gbif.org/publisher/7fadb370-f921-11dd-af50-b8a03c50a862","Cartagena","in collection",NA,NA,NA,NA,NA,"MGC:MGC-Cormof:47684-1",NA,NA,NA,NA,"2013-06-14T15:24:00.000+02:00","73157","MGC-Cormof","http://digir.sourceforge.net/schema/conceptual/darwin/2003/1.0/darwin2.xsd","1000",NA,NA,NA,NA,NA
"211647569","Narcissus tortifolius Fern.Casas",37.01,-1.81,"gass84,cdpi,colmano,inmafu","96b9eec4-f762-11e1-a439-00145eb45e9a","eba6daa8-0281-479e-aa2d-d78a2614db93","2a3f6a56-7591-4f05-8c4c-a1bb77aa4ea6","6c4a0bb0-2a4d-11d8-aa2d-b8a03c50a862","ES","EML","2026-04-17T22:02:24.702+00:00","2026-04-24T08:46:53.758+00:00",360,NA,"PRESERVED_SPECIMEN",NA,"PRESENT",2858471,6,7707728,196,1169,7682,2858200,2858471,2858471,"Narcissus tortifolius Fern.Casas","Plantae","Tracheophyta","Asparagales","Amaryllidaceae","Narcissus","Narcissus tortifolius","Narcissus","tortifolius","SPECIES","ACCEPTED",NA,NA,"Al",2000,3,6,"2000-03-06",66,66,"2026-04-24T08:46:53.758+00:00","http://creativecommons.org/licenses/by-nc/4.0/legalcode",FALSE,"211647569","none","none","0d3bc86d-03b3-4475-b018-67c8c79d97cd",FALSE,NA,"A. F. Carrillo & M. A. Carrión","P. Sánchez-Gómez","none","WGS84","Liliopsida","ES","none","none","EUROPE","Spain","EUROPE","MUB",NA,NA,NA,"366","Turre; Sierra de Cabrera","211647569",NA,"SURESTE","211647569",NA,"100843-1","MUB","Narcissus tortifolius Fern.Casas",490,0,0,0,NA,NA,NA,NA,NA,NA,NA,NA,NA,NA,NA,NA,NA,NA,NA,NA,"none",NA,NA,NA,NA,NA,NA,NA,NA,NA,NA
"211647574","Narcissus tortifolius Fern.Casas",37.01,-1.81,"gass84,cdpi,colmano,inmafu","96b9eec4-f762-11e1-a439-00145eb45e9a","eba6daa8-0281-479e-aa2d-d78a2614db93","2a3f6a56-7591-4f05-8c4c-a1bb77aa4ea6","6c4a0bb0-2a4d-11d8-aa2d-b8a03c50a862","ES","EML","2026-04-17T22:02:24.702+00:00","2026-04-24T08:46:50.430+00:00",360,NA,"PRESERVED_SPECIMEN",NA,"PRESENT",2858471,6,7707728,196,1169,7682,2858200,2858471,2858471,"Narcissus tortifolius Fern.Casas","Plantae","Tracheophyta","Asparagales","Amaryllidaceae","Narcissus","Narcissus tortifolius","Narcissus","tortifolius","SPECIES","ACCEPTED",NA,NA,"Al",2000,3,6,"2000-03-06",66,66,"2026-04-24T08:46:50.430+00:00","http://creativecommons.org/licenses/by-nc/4.0/legalcode",FALSE,"211647574","none","none","0d3bc86d-03b3-4475-b018-67c8c79d97cd",FALSE,NA,"A. F. Carrillo & M. A. Carrión","P. Sánchez-Gómez","none","WGS84","Liliopsida","ES","none","none","EUROPE","Spain","EUROPE","MUB",NA,NA,NA,"366","Turre; Sierra de Cabrera","211647574",NA,"SURESTE","211647574",NA,"100848-1","MUB","Narcissus tortifolius Fern.Casas",490,0,0,0,NA,NA,NA,NA,NA,NA,NA,NA,NA,NA,NA,NA,NA,NA,NA,NA,"none",NA,NA,NA,NA,NA,NA,NA,NA,NA,NA
"318117264","Narcissus tortifolius Fern.Casas",37.09,-2.08,"cdc,gass84,osiic,colmafu,inmafu","835852b2-f762-11e1-a439-00145eb45e9a","30b36805-4849-4abb-a39c-01b3a7fa3f2e","2a3f6a56-7591-4f05-8c4c-a1bb77aa4ea6","6c4a0bb0-2a4d-11d8-aa2d-b8a03c50a862","ES","EML","2026-04-18T01:37:27.890+00:00","2026-04-24T04:49:52.012+00:00",354,NA,"PRESERVED_SPECIMEN",1,"PRESENT",2858471,6,7707728,196,1169,7682,2858200,2858471,2858471,"Narcissus tortifolius Fern.Casas","Plantae","Tracheophyta","Asparagales","Amaryllidaceae","Narcissus","Narcissus tortifolius","Narcissus","tortifolius","SPECIES","ACCEPTED",707,"EUROPE","Almeria",1999,3,13,"1999-03-13",72,72,"2026-04-24T04:49:52.012+00:00","http://creativecommons.org/licenses/by/4.0/legalcode",FALSE,"3F8C7065-C6E8-4974-875A-0011B028B6FE","none","none","8aa53465-012a-4394-bc5a-5f99beee1ce7",FALSE,NA,"M.B.Crespo, J.L.Solanas, A.Barber, J.C.Cristóbal & al.","M.B.Crespo, J.L.Solanas, A.Barber, J.C.Cristóbal & al.","none","WGS84","Liliopsida","ES","none","none","EUROPE","Spain","EUROPE","ABH","3F8C7065-C6E8-4974-875A-0011B028B6FE",NA,"13/3/1999","360","Sorbas; El Río de Aguas","318117264",NA,"ABH","3F8C7065-C6E8-4974-875A-0011B028B6FE",NA,"45308-1","ABH","Narcissus tortifolius Fern.Casas",390,0,NA,NA,"2016-09-28T13:02:03.000+00:00","189e886d-b24c-4f29-8ee3-3827e567e7df",NA,NA,NA,NA,NA,NA,"Iter Almeria 1999; yesos cristalinos",NA,NA,NA,NA,NA,NA,NA,NA,NA,NA,NA,NA,NA,NA,NA,NA,NA,NA
"1936546972","Narcissus tortifolius Fern.Casas",37.0769,-2.0787,"cdc,gass84,inmano","834c9918-f762-11e1-a439-00145eb45e9a","0363cbd4-f666-455e-8e86-0bbddcf51950","2a3f6a56-7591-4f05-8c4c-a1bb77aa4ea6","6c4a0bb0-2a4d-11d8-aa2d-b8a03c50a862","ES","EML","2026-04-18T01:37:27.366+00:00","2026-04-24T05:21:19.608+00:00",423,NA,"PRESERVED_SPECIMEN",NA,"PRESENT",2858471,6,7707728,196,1169,7682,2858200,2858471,2858471,"Narcissus tortifolius Fern.Casas","Plantae","Tracheophyta","Asparagales","Amaryllidaceae","Narcissus","Narcissus tortifolius","Narcissus","tortifolius","SPECIES","ACCEPTED",NA,"EUROPE","Almería",1999,3,4,"1999-03-04",63,63,"2026-04-24T05:21:19.608+00:00","http://creativecommons.org/licenses/by-nc/4.0/legalcode",FALSE,"5365d748-20fe-11e3-9e2e-000c29035824","none","none",NA,FALSE,NA,"Barra",NA,"none","WGS84","Liliopsida","ES","none","none","EUROPE","Spain","EUROPE","MA","5365d748-20fe-11e3-9e2e-000c29035824","Habitat: yesos y calizas","04031999","429","Cortijo del Cura-Los Molinos de Río de Aguas","1936546972","es","MA","5365d748-20fe-11e3-9e2e-000c29035824","Collection","MA-01-00622425","MA","Narcissus tortifolius Fern.Casas",NA,NA,NA,NA,NA,NA,NA,NA,"0363cbd4-f666-455e-8e86-0bbddcf51950",NA,NA,"MA",NA,NA,"17abcf75-2f1e-46dd-bf75-a5b21dd02655","834c9918-f762-11e1-a439-00145eb45e9a","MA-622425-1",NA,"2858471","c1a23ec3-20fe-11e3-9e2e-000c29035824",NA,NA,NA,NA,NA,NA,NA,NA,NA,NA,NA
"3829878467","Narcissus tortifolius Fern.Casas",37.0887709,-2.161123,"cdc,cdrep,inmano","834dcb62-f762-11e1-a439-00145eb45e9a","e8fb330c-5750-4698-afba-5438618af521","2a3f6a56-7591-4f05-8c4c-a1bb77aa4ea6","6c4a0bb0-2a4d-11d8-aa2d-b8a03c50a862","ES","EML","2026-04-18T01:37:26.846+00:00","2026-04-24T06:43:37.380+00:00",400,NA,"PRESERVED_SPECIMEN",NA,"PRESENT",2858471,6,7707728,196,1169,7682,2858200,2858471,2858471,"Narcissus tortifolius Fern.Casas","Plantae","Tracheophyta","Asparagales","Amaryllidaceae","Narcissus","Narcissus tortifolius","Narcissus","tortifolius","SPECIES","ACCEPTED",7071,"EUROPE","Almería",1992,3,18,"1992-03-18",78,78,"2026-04-24T06:43:37.380+00:00","http://creativecommons.org/licenses/by-nc/4.0/legalcode",FALSE,"914CDD45-0978-4178-BE6C-67C1F9802D18","none","none",NA,FALSE,"Herbario BIO de Plantas Vasculares (BIO), Universidad del Pais Vasco (UPV/EHU)","C. Roscher|J.M. Olano","C. Roscher|J.M. Olano","none","WGS84","Liliopsida","ES","none","none","EUROPE","Spain","EUROPE","BIO","914CDD45-0978-4178-BE6C-67C1F9802D18",NA,"18/03/1992","406","Sorbas","3829878467","es | en","BIO","914CDD45-0978-4178-BE6C-67C1F9802D18","PhysicalObject","8571-1","Universidad del Pais Vasco (UPV/EHU)","Narcissus tortifolius Fern.Casas",400,0,NA,NA,"2021-06-08T10:49:06.000+00:00",NA,"Pliego",NA,"e8fb330c-5750-4698-afba-5438618af521",NA,"in collection",NA,NA,NA,NA,"doi:10.15468/xtjld4",NA,NA,NA,NA,NA,NA,NA,NA,NA,NA,"ICBN",NA,NA,NA,NA
"3799436425","Narcissus tortifolius Fern.Casas",37.13,-2.05,"cdc,gass84,iddativ","7a037b5e-f5e9-400f-b259-b079c9df2925","d68c4230-a271-11d8-a9b3-b8a03c50a862","2a3f6a56-7591-4f05-8c4c-a1bb77aa4ea6","6c4a0bb0-2a4d-11d8-aa2d-b8a03c50a862","ES","EML","2026-04-22T07:56:01.971+00:00","2026-04-24T07:02:29.608+00:00",183,NA,"PRESERVED_SPECIMEN",1,"PRESENT",2858471,6,7707728,196,1169,7682,2858200,2858471,2858471,"Narcissus tortifolius Fern.Casas","Plantae","Tracheophyta","Asparagales","Amaryllidaceae","Narcissus","Narcissus tortifolius","Narcissus","tortifolius","SPECIES","ACCEPTED",71,"EUROPE","Almería",1983,2,13,"1983-02-13",44,44,"2026-04-24T07:02:29.608+00:00","http://creativecommons.org/licenses/by-nc/4.0/legalcode",FALSE,"GDA:GDAC-Fanero:14282-1","none","none","a46ced27-ecc3-43df-981f-d6de329f50b4",FALSE,"Herbario de la Universidad de Granada: Colección GDAC-Fanerogamia","R. Lázaro Suan.","Fernández Casas, J.","none","WGS84","Liliopsida","ES","none","none","EUROPE","Spain","EUROPE",NA,"GDA:GDAC-Fanero:14282-1",NA,"13/02/1983","190","Almería, Cerrón, cima y parte superior de las laderas N. NW y W","3799436425","es","GDAC-Fanero","GDA:GDAC-Fanero:14282-1","PhysicalObject","14282-1","GDA","Narcissus tortifolius Fern.Casas",NA,NA,NA,NA,"2022-03-30T21:51:01.000+00:00","13b0c982-4d50-404a-bda7-ad35102e073f","Pliego","Herbarium University of Granada, Spain","https://www.gbif.org/grscicoll/institution/a46ced27-ecc3-43df-981f-d6de329f50b4",NA,"in collection","GDA",NA,"https://www.gbif.org/grscicoll/collection/13b0c982-4d50-404a-bda7-ad35102e073f",NA,NA,NA,NA,NA,NA,NA,NA,NA,NA,NA,NA,NA,"Etiqueta del Real Jardín Botánico de Madrid (MA)",NA,NA,NA
"3799447055","Narcissus tortifolius Fern.Casas",37.13,-2.04,"cdc,gass84,iddativ","7a037b5e-f5e9-400f-b259-b079c9df2925","d68c4230-a271-11d8-a9b3-b8a03c50a862","2a3f6a56-7591-4f05-8c4c-a1bb77aa4ea6","6c4a0bb0-2a4d-11d8-aa2d-b8a03c50a862","ES","EML","2026-04-22T07:56:01.971+00:00","2026-04-24T07:02:30.743+00:00",183,NA,"PRESERVED_SPECIMEN",1,"PRESENT",2858471,6,7707728,196,1169,7682,2858200,2858471,2858471,"Narcissus tortifolius Fern.Casas","Plantae","Tracheophyta","Asparagales","Amaryllidaceae","Narcissus","Narcissus tortifolius","Narcissus","tortifolius","SPECIES","ACCEPTED",707,"EUROPE","Almería",1983,2,26,"1983-02-26",57,57,"2026-04-24T07:02:30.743+00:00","http://creativecommons.org/licenses/by-nc/4.0/legalcode",FALSE,"GDA:GDAC-Fanero:15512-1","none","none","a46ced27-ecc3-43df-981f-d6de329f50b4",FALSE,"Herbario de la Universidad de Granada: Colección GDAC-Fanerogamia","A.T. Romero & P. Sánchez Castillo","F.J. Fernández Casas","none","WGS84","Liliopsida","ES","none","none","EUROPE","Spain","EUROPE",NA,"GDA:GDAC-Fanero:15512-1","suelos gipsófilos","26/02/1983","190","Almería, Sorbas, Los Castaños; Locus Classicus ipsissimus","3799447055","es","GDAC-Fanero","GDA:GDAC-Fanero:15512-1","PhysicalObject","15512-1","GDA","Narcissus tortifolius Fern.Casas",NA,NA,NA,NA,"2022-03-30T21:51:01.000+00:00","13b0c982-4d50-404a-bda7-ad35102e073f","Pliego","Herbarium University of Granada, Spain","https://www.gbif.org/grscicoll/institution/a46ced27-ecc3-43df-981f-d6de329f50b4",NA,"in collection","GDA","Coordenadas transformadas por  F.J. Fernández Casas, Junio, 2014","https://www.gbif.org/grscicoll/collection/13b0c982-4d50-404a-bda7-ad35102e073f",NA,NA,NA,NA,NA,NA,NA,NA,NA,NA,NA,NA,NA,"Etiqueta del Real Jardín Botánico de Madrid (MA)",NA,NA,NA
"3799447891","Narcissus tortifolius Fern.Casas",37.13,-2.05,"cdc,gass84,iddativ","7a037b5e-f5e9-400f-b259-b079c9df2925","d68c4230-a271-11d8-a9b3-b8a03c50a862","2a3f6a56-7591-4f05-8c4c-a1bb77aa4ea6","6c4a0bb0-2a4d-11d8-aa2d-b8a03c50a862","ES","EML","2026-04-22T07:56:01.971+00:00","2026-04-24T07:02:21.998+00:00",183,NA,"PRESERVED_SPECIMEN",1,"PRESENT",2858471,6,7707728,196,1169,7682,2858200,2858471,2858471,"Narcissus tortifolius Fern.Casas","Plantae","Tracheophyta","Asparagales","Amaryllidaceae","Narcissus","Narcissus tortifolius","Narcissus","tortifolius","SPECIES","ACCEPTED",71,"EUROPE","Almería",1983,2,13,"1983-02-13",44,44,"2026-04-24T07:02:21.998+00:00","http://creativecommons.org/licenses/by-nc/4.0/legalcode",FALSE,"GDA:GDAC-Fanero:14281-1","none","none","a46ced27-ecc3-43df-981f-d6de329f50b4",FALSE,"Herbario de la Universidad de Granada: Colección GDAC-Fanerogamia","R. Lázaro Suan","Fernández Casas, J.","none","WGS84","Liliopsida","ES","none","none","EUROPE","Spain","EUROPE",NA,"GDA:GDAC-Fanero:14281-1",NA,"13/02/1983","190","Almería, Cerrón, cima y parte superior de las laderas N, NW y W","3799447891","es","GDAC-Fanero","GDA:GDAC-Fanero:14281-1","PhysicalObject","14281-1","GDA","Narcissus tortifolius Fern.Casas",NA,NA,NA,NA,"2022-03-30T21:51:01.000+00:00","13b0c982-4d50-404a-bda7-ad35102e073f","Pliego","Herbarium University of Granada, Spain","https://www.gbif.org/grscicoll/institution/a46ced27-ecc3-43df-981f-d6de329f50b4",NA,"in collection","GDA",NA,"https://www.gbif.org/grscicoll/collection/13b0c982-4d50-404a-bda7-ad35102e073f",NA,NA,NA,NA,NA,NA,NA,NA,NA,NA,NA,NA,NA,"Etiqueta del Real Jardín Botánico de Madrid (MA)",NA,NA,NA
"6133870636","Narcissus tortifolius Fern.Casas",37.12804,-2.04872,"cdc,gass84,inmano","ea372491-cebb-41e1-9a2b-a5354cc6c126","ce5a9e85-93f6-43fd-b993-b76064456b1b","2a3f6a56-7591-4f05-8c4c-a1bb77aa4ea6","6c4a0bb0-2a4d-11d8-aa2d-b8a03c50a862","ES","EML","2026-04-18T04:24:36.170+00:00","2026-04-24T08:32:19.226+00:00",62,NA,"PRESERVED_SPECIMEN",1,"PRESENT",2858471,6,7707728,196,1169,7682,2858200,2858471,2858471,"Narcissus tortifolius Fern.Casas","Plantae","Tracheophyta","Asparagales","Amaryllidaceae","Narcissus","Narcissus tortifolius","Narcissus","tortifolius","SPECIES","ACCEPTED",NA,"EUROPE","Almería",1983,2,13,"1983-02-13",44,44,"2026-04-24T08:32:19.226+00:00","http://creativecommons.org/licenses/by/4.0/legalcode",FALSE,"0396191a-6ecc-486f-8957-37272b2430d0","none","none",NA,FALSE,"Herbario EEZA - Colección de Angiospermae","R. Lázaro Suau","R. Lázaro Suau","none","WGS84","Liliopsida","ES","none","none","EUROPE","Spain","EUROPE",NA,"0396191a-6ecc-486f-8957-37272b2430d0","Afloramiento de yesos miocénicos",NA,"71","De Sorbas a Río Aguas; yesos de la cuadrícula WG80; excepto fondo cañón del Río Aguas","6133870636","es","ALME-ANGIOSPERMAS","0396191a-6ecc-486f-8957-37272b2430d0","Collection","8773-1-1","EEZA-CSIC","Narcissus tortifolius Fern.Casas",415,35,NA,NA,"2026-01-01T00:00:00.000+00:00",NA,NA,NA,NA,NA,"In collection",NA,"Identificación confirmada por F.B.Navarro, 00-06-2007, FLORANDOR",NA,NA,"doi:10.15470/ttw9mc",NA,NA,NA,NA,NA,NA,NA,NA,NA,NA,NA,NA,NA,NA,NA
"3799446703","Narcissus tortifolius Fern.Casas",37,-2.04,"cdc,gass84,iddativ","7a037b5e-f5e9-400f-b259-b079c9df2925","d68c4230-a271-11d8-a9b3-b8a03c50a862","2a3f6a56-7591-4f05-8c4c-a1bb77aa4ea6","6c4a0bb0-2a4d-11d8-aa2d-b8a03c50a862","ES","EML","2026-04-22T07:56:01.971+00:00","2026-04-24T07:02:25.945+00:00",183,NA,"PRESERVED_SPECIMEN",1,"PRESENT",2858471,6,7707728,196,1169,7682,2858200,2858471,2858471,"Narcissus tortifolius Fern.Casas","Plantae","Tracheophyta","Asparagales","Amaryllidaceae","Narcissus","Narcissus tortifolius","Narcissus","tortifolius","SPECIES","ACCEPTED",7071,"EUROPE","Almería",1983,3,12,"1983-03-12",71,71,"2026-04-24T07:02:25.945+00:00","http://creativecommons.org/licenses/by-nc/4.0/legalcode",FALSE,"GDA:GDAC-Fanero:15513-1","none","none","a46ced27-ecc3-43df-981f-d6de329f50b4",FALSE,"Herbario de la Universidad de Granada: Colección GDAC-Fanerogamia","R. Sagredo & P.M. Sánchez Castillo","F.J. Fernández Casas","none","WGS84","Liliopsida","ES","none","none","EUROPE","Spain","EUROPE",NA,"GDA:GDAC-Fanero:15513-1",NA,"12/03/1983","190","Almería, Yesera de Gafares","3799446703","es","GDAC-Fanero","GDA:GDAC-Fanero:15513-1","PhysicalObject","15513-1","GDA","Narcissus tortifolius Fern.Casas",NA,NA,NA,NA,"2022-03-30T21:51:01.000+00:00","13b0c982-4d50-404a-bda7-ad35102e073f","Pliego","Herbarium University of Granada, Spain","https://www.gbif.org/grscicoll/institution/a46ced27-ecc3-43df-981f-d6de329f50b4",NA,"in collection","GDA","Coordenadas asignadas por  F.J. Fernández Casas, Junio, 2014","https://www.gbif.org/grscicoll/collection/13b0c982-4d50-404a-bda7-ad35102e073f",NA,NA,NA,NA,NA,NA,NA,NA,NA,NA,NA,NA,NA,"Etiqueta del Real Jardín Botánico de Madrid (MA)",NA,NA,NA
"415621079","Narcissus tortifolius Fern.Casas",37.18,-2.04,"cdc,gass84,iddativ,osiic,colmafu,inmafu","962cceea-f762-11e1-a439-00145eb45e9a","7fadb370-f921-11dd-af50-b8a03c50a862","2a3f6a56-7591-4f05-8c4c-a1bb77aa4ea6","6c4a0bb0-2a4d-11d8-aa2d-b8a03c50a862","ES","EML","2026-04-17T22:12:36.543+00:00","2026-04-24T14:05:25.662+00:00",392,NA,"PRESERVED_SPECIMEN",1,"PRESENT",2858471,6,7707728,196,1169,7682,2858200,2858471,2858471,"Narcissus tortifolius Fern.Casas","Plantae","Tracheophyta","Asparagales","Amaryllidaceae","Narcissus","Narcissus tortifolius","Narcissus","tortifolius","SPECIES","ACCEPTED",7071,"EUROPE","ALMERíA",1982,2,20,"1982-02-20",51,51,"2026-04-24T14:05:25.662+00:00","http://creativecommons.org/licenses/by-nc/4.0/legalcode",FALSE,"094304BF-B58F-4C3B-B6FB-8E1D5CBE9ACC","none","none","f9fd1a64-464a-4cbf-8a6c-60d7ca4e4446",FALSE,"MGC Herbarium University of Malaga (Spain): MGC-Cormof dataset","L. Suau","F. B. Navarro y F. J. Fernández Casas","none","WGS84","Liliopsida","ES","none","none","EUROPE","Spain","EUROPE",NA,"094304BF-B58F-4C3B-B6FB-8E1D5CBE9ACC",NA,"20/02/1982","417","Castaños","415621079","es","MGC-Cormof","094304BF-B58F-4C3B-B6FB-8E1D5CBE9ACC","PhysicalObject","13236-1","MGC","Narcissus tortifolius Fern.Casas",NA,NA,NA,NA,"2024-12-20T12:00:00.000+00:00","dcf31393-fdcd-48d6-8e33-7eb584ab9ed3","Pliego",NA,"https://www.gbif.org/publisher/7fadb370-f921-11dd-af50-b8a03c50a862","Sorbas","in collection",NA,"Municipio añadido.",NA,NA,NA,"MGC:MGC-Cormof:13236-1",NA,NA,NA,NA,"2013-06-14T15:24:00.000+02:00","73157","MGC-Cormof","http://digir.sourceforge.net/schema/conceptual/darwin/2003/1.0/darwin2.xsd","1000",NA,NA,NA,NA,NA
"6133869109","Narcissus tortifolius Fern.Casas",37.08742,-2.04357,"cdc,gass84,inmano","ea372491-cebb-41e1-9a2b-a5354cc6c126","ce5a9e85-93f6-43fd-b993-b76064456b1b","2a3f6a56-7591-4f05-8c4c-a1bb77aa4ea6","6c4a0bb0-2a4d-11d8-aa2d-b8a03c50a862","ES","EML","2026-04-18T04:24:36.170+00:00","2026-04-24T08:32:23.210+00:00",62,NA,"PRESERVED_SPECIMEN",1,"PRESENT",2858471,6,7707728,196,1169,7682,2858200,2858471,2858471,"Narcissus tortifolius Fern.Casas","Plantae","Tracheophyta","Asparagales","Amaryllidaceae","Narcissus","Narcissus tortifolius","Narcissus","tortifolius","SPECIES","ACCEPTED",NA,"EUROPE","Almería",1982,2,20,"1982-02-20",51,51,"2026-04-24T08:32:23.210+00:00","http://creativecommons.org/licenses/by/4.0/legalcode",FALSE,"c4b3b510-a411-4580-af88-ade6a3bd18ca","none","none",NA,FALSE,"Herbario EEZA - Colección de Angiospermae","R. Lázaro Suau","R. Lázaro Suau","none","WGS84","Liliopsida","ES","none","none","EUROPE","Spain","EUROPE",NA,"c4b3b510-a411-4580-af88-ade6a3bd18ca","Afloramiento de yesos miocénicos",NA,"71","De Sorbas a Río Aguas; El Cerrón; yesos de la cuadrícula WG80; excepto fondo del cañón del Río Aguas","6133869109","es","ALME-ANGIOSPERMAS","c4b3b510-a411-4580-af88-ade6a3bd18ca","Collection","10119-1-1","EEZA-CSIC","Narcissus tortifolius Fern.Casas",415,35,NA,NA,"2026-01-01T00:00:00.000+00:00",NA,NA,NA,NA,NA,"In collection",NA,"Identificación confirmada por F.B.Navarro, 00-06-2007, FLORANDOR",NA,NA,"doi:10.15470/ttw9mc",NA,NA,NA,NA,NA,NA,NA,NA,NA,NA,NA,NA,NA,NA,NA
"1936014086","Narcissus tortifolius Fern.Casas",37.1308,-2.0556,"cdc,gass84,inmano","834c9918-f762-11e1-a439-00145eb45e9a","0363cbd4-f666-455e-8e86-0bbddcf51950","2a3f6a56-7591-4f05-8c4c-a1bb77aa4ea6","6c4a0bb0-2a4d-11d8-aa2d-b8a03c50a862","ES","EML","2026-04-18T01:37:27.366+00:00","2026-04-24T05:19:42.144+00:00",423,NA,"PRESERVED_SPECIMEN",NA,"PRESENT",2858471,6,7707728,196,1169,7682,2858200,2858471,2858471,"Narcissus tortifolius Fern.Casas","Plantae","Tracheophyta","Asparagales","Amaryllidaceae","Narcissus","Narcissus tortifolius","Narcissus","tortifolius","SPECIES","ACCEPTED",NA,"EUROPE","Almería",1978,2,5,"1978-02-05",36,36,"2026-04-24T05:19:42.144+00:00","http://creativecommons.org/licenses/by-nc/4.0/legalcode",FALSE,"34bfbea7-20fe-11e3-9e2e-000c29035824","none","none",NA,FALSE,NA,"Muñoz Garmendia, Pajarón, Pueche & Rodriguez Pascu",NA,"none","WGS84","Liliopsida","ES","none","none","EUROPE","Spain","EUROPE","MA","34bfbea7-20fe-11e3-9e2e-000c29035824","in gypsaceis siccis","05021978","429","Sorbas: Los Castaños","1936014086","es","MA","34bfbea7-20fe-11e3-9e2e-000c29035824","Collection","MA-01-00208485","MA","Narcissus tortifolius Fern.Casas",NA,NA,NA,NA,NA,NA,NA,NA,"0363cbd4-f666-455e-8e86-0bbddcf51950",NA,NA,"MA",NA,NA,"17abcf75-2f1e-46dd-bf75-a5b21dd02655","834c9918-f762-11e1-a439-00145eb45e9a","MA-208485-1","2145","2858471","a47092ad-20fe-11e3-9e2e-000c29035824",NA,NA,NA,NA,NA,NA,NA,"Topotypus!!",NA,NA,NA
"1936024349","Narcissus tortifolius Fern.Casas",37.1308,-2.0556,"cdc,gass84,inmano","834c9918-f762-11e1-a439-00145eb45e9a","0363cbd4-f666-455e-8e86-0bbddcf51950","2a3f6a56-7591-4f05-8c4c-a1bb77aa4ea6","6c4a0bb0-2a4d-11d8-aa2d-b8a03c50a862","ES","EML","2026-04-18T01:37:27.366+00:00","2026-04-24T05:21:09.354+00:00",423,NA,"PRESERVED_SPECIMEN",NA,"PRESENT",2858471,6,7707728,196,1169,7682,2858200,2858471,2858471,"Narcissus tortifolius Fern.Casas","Plantae","Tracheophyta","Asparagales","Amaryllidaceae","Narcissus","Narcissus tortifolius","Narcissus","tortifolius","SPECIES","ACCEPTED",NA,"EUROPE","Almería",1978,2,5,"1978-02-05",36,36,"2026-04-24T05:21:09.354+00:00","http://creativecommons.org/licenses/by-nc/4.0/legalcode",FALSE,"359b835a-20fe-11e3-9e2e-000c29035824","none","none",NA,FALSE,NA,"Muñoz Garmendia, Pajarón, Pueche & Rodriguez Pascu",NA,"none","WGS84","Liliopsida","ES","none","none","EUROPE","Spain","EUROPE","MA","359b835a-20fe-11e3-9e2e-000c29035824","in gypsaceis siccis","05021978","429","Sorbas: Los Castaños","1936024349","es","MA","359b835a-20fe-11e3-9e2e-000c29035824","Collection","MA-01-00226135","MA","Narcissus tortifolius Fern.Casas",NA,NA,NA,NA,NA,NA,NA,NA,"0363cbd4-f666-455e-8e86-0bbddcf51950",NA,NA,"MA",NA,NA,"17abcf75-2f1e-46dd-bf75-a5b21dd02655","834c9918-f762-11e1-a439-00145eb45e9a","MA-226135-1","2145","2858471","a59569fa-20fe-11e3-9e2e-000c29035824",NA,NA,NA,NA,NA,NA,NA,"Topotypus!!",NA,NA,NA
"3033627763","Narcissus tortifolius Fern.Casas",37.13,-2.04,"cdc,gass84,mdativ,colmano,inmafu","834f1756-f762-11e1-a439-00145eb45e9a","cb202839-87c6-456a-821c-dc5b268a200f","2a3f6a56-7591-4f05-8c4c-a1bb77aa4ea6","6c4a0bb0-2a4d-11d8-aa2d-b8a03c50a862","ES","EML","2026-04-18T01:36:55.261+00:00","2026-04-23T23:49:31.830+00:00",326,NA,"PRESERVED_SPECIMEN",NA,"PRESENT",2858471,6,7707728,196,1169,7682,2858200,2858471,2858471,"Narcissus tortifolius Fern.Casas","Plantae","Tracheophyta","Asparagales","Amaryllidaceae","Narcissus","Narcissus tortifolius","Narcissus","tortifolius","SPECIES","ACCEPTED",707,"EUROPE","Almeria",1978,2,5,"1978-02-05",36,36,"2026-04-23T23:49:31.830+00:00","http://creativecommons.org/licenses/by-nc/4.0/legalcode",FALSE,"BCN 49701","none","none","5db0342e-533f-461c-a97e-0ec9dc79a95c",FALSE,"Col·lecció de Cormòfits de l'herbari BCN","Fernández Casas, F. Javier; Muñoz Garmendia, Félix; Pajarón, Santiago; Pueche & Rodríguez Pascual",NA,"none","WGS84","Liliopsida","ES","none","none","EUROPE","Spain","EUROPE","BCN-Cormophyta","BCN 49701","in gypsaceis siccis",NA,"350","Sorbas: Los Castaños","3033627763",NA,"Corm","BCN 49701",NA,"49701","BCN","Narcissus tortifolius Fern.Casas",400,0,NA,NA,NA,NA,NA,"CRAI CeDocBiV - Universitat de Barcelona",NA,NA,NA,"UB",NA,NA,NA,NA,"ex BCF 39007",NA,NA,NA,NA,NA,NA,NA,NA,NA,NA,NA,"Narcissus tortifolius Fern.Casas","49619",NA
"4130413572","Narcissus tortifolius Fern.Casas",0,0,"cucdmis,gass84,zerocd,colmafu,inmafu","833db434-f762-11e1-a439-00145eb45e9a","8e1a97a0-3ca8-11d9-8439-b8a03c50a862","6aca019f-ee9d-4088-859b-5a601d4b093f","299958e0-4c06-11d8-b290-b8a03c50a862","DK","EML","2026-04-18T01:36:54.437+00:00","2026-04-23T22:40:06.280+00:00",384,NA,"PRESERVED_SPECIMEN",NA,"PRESENT",2858471,6,7707728,196,1169,7682,2858200,2858471,2858471,"Narcissus tortifolius Fern.Casas","Plantae","Tracheophyta","Asparagales","Amaryllidaceae","Narcissus","Narcissus tortifolius","Narcissus","tortifolius","SPECIES","ACCEPTED",NA,NA,"Almeria",1978,2,5,"1978-02-05",36,36,"2026-04-23T22:40:06.280+00:00","http://creativecommons.org/licenses/by/4.0/legalcode",FALSE,"AAU-Herbarium-J.FernandezCasas2145","none","none","44e7a331-0270-4c39-ad64-91c0d8416480",FALSE,NA,"J. Fernandez Casas",NA,"none","WGS84","Liliopsida","ES","none","none","EUROPE","Spain","EUROPE",NA,"AAU-Herbarium-J.FernandezCasas2145",NA,NA,"390","Sorbas, Los Castaños, 30SWG8410, in gypsaceis siccis, cum Muñoz Garmendia, Pajarón, Pueche et Rodriguez Pascual legi.","4130413572",NA,"AAU","AAU-Herbarium-J.FernandezCasas2145",NA,"J.FernandezCasas2145","AU","Narcissus tortifolius Fern.Casas",400,0,NA,NA,NA,"c73c84ef-bf6a-40ed-9ba5-5b48bb46b5c3",NA,NA,NA,NA,NA,NA,NA,NA,NA,NA,NA,NA,NA,NA,"none",NA,NA,"AAU-herbarium",NA,NA,NA,NA,NA,NA,NA
"1936013959","Narcissus tortifolius Fern.Casas",37.1397,-2.0442,"cdc,gass84,inmano","834c9918-f762-11e1-a439-00145eb45e9a","0363cbd4-f666-455e-8e86-0bbddcf51950","2a3f6a56-7591-4f05-8c4c-a1bb77aa4ea6","6c4a0bb0-2a4d-11d8-aa2d-b8a03c50a862","ES","EML","2026-04-18T01:37:27.366+00:00","2026-04-24T05:19:42.185+00:00",423,NA,"PRESERVED_SPECIMEN",NA,"PRESENT",2858471,6,7707728,196,1169,7682,2858200,2858471,2858471,"Narcissus tortifolius Fern.Casas","Plantae","Tracheophyta","Asparagales","Amaryllidaceae","Narcissus","Narcissus tortifolius","Narcissus","tortifolius","SPECIES","ACCEPTED",NA,"EUROPE","Almería",1977,3,23,"1977-03-23",82,82,"2026-04-24T05:19:42.185+00:00","http://creativecommons.org/licenses/by-nc/4.0/legalcode",FALSE,"34bfc171-20fe-11e3-9e2e-000c29035824","none","none",NA,TRUE,NA,"Fernández Casas,J.",NA,"none","WGS84","Liliopsida","ES","none","none","EUROPE","Spain","EUROPE","MA","34bfc171-20fe-11e3-9e2e-000c29035824","in gypsaceis siccis","23031977","429","Almería: Sorbas, Venta de Los Castaños","1936013959","es","MA","34bfc171-20fe-11e3-9e2e-000c29035824","Collection","MA-01-00208486","MA","Narcissus tortifolius Fern.Casas",NA,NA,NA,NA,NA,NA,NA,NA,"0363cbd4-f666-455e-8e86-0bbddcf51950",NA,NA,"MA",NA,NA,"17abcf75-2f1e-46dd-bf75-a5b21dd02655","834c9918-f762-11e1-a439-00145eb45e9a","MA-208486-1","1484","2858471","a47095a1-20fe-11e3-9e2e-000c29035824",NA,NA,NA,NA,NA,NA,NA,"Cita.-",NA,NA,NA
"1936026476","Narcissus tortifolius Fern.Casas",37.1397,-2.0442,"cdc,gass84,inmano","834c9918-f762-11e1-a439-00145eb45e9a","0363cbd4-f666-455e-8e86-0bbddcf51950","2a3f6a56-7591-4f05-8c4c-a1bb77aa4ea6","6c4a0bb0-2a4d-11d8-aa2d-b8a03c50a862","ES","EML","2026-04-18T01:37:27.366+00:00","2026-04-24T05:19:45.184+00:00",423,NA,"PRESERVED_SPECIMEN",NA,"PRESENT",2858471,6,7707728,196,1169,7682,2858200,2858471,2858471,"Narcissus tortifolius Fern.Casas","Plantae","Tracheophyta","Asparagales","Amaryllidaceae","Narcissus","Narcissus tortifolius","Narcissus","tortifolius","SPECIES","ACCEPTED",NA,"EUROPE","Almería",1977,3,23,"1977-03-23",82,82,"2026-04-24T05:19:45.184+00:00","http://creativecommons.org/licenses/by-nc/4.0/legalcode",FALSE,"35d6506c-20fe-11e3-9e2e-000c29035824","none","none",NA,TRUE,NA,"Fernández Casas,J.",NA,"none","WGS84","Liliopsida","ES","none","none","EUROPE","Spain","EUROPE","MA","35d6506c-20fe-11e3-9e2e-000c29035824",NA,"23031977","429","Almería: Sorbas, Venta de Los Castaños","1936026476","es","MA","35d6506c-20fe-11e3-9e2e-000c29035824","Collection","MA-01-00227840","MA","Narcissus tortifolius Fern.Casas",NA,NA,NA,NA,NA,NA,NA,NA,"0363cbd4-f666-455e-8e86-0bbddcf51950",NA,NA,"MA",NA,NA,"17abcf75-2f1e-46dd-bf75-a5b21dd02655","834c9918-f762-11e1-a439-00145eb45e9a","MA-227840-1","1484","2858471","a5d0bad1-20fe-11e3-9e2e-000c29035824",NA,NA,NA,NA,NA,NA,NA,"Cita.-",NA,NA,"2008-01-01T00:00:00"
"3033625760","Narcissus tortifolius Fern.Casas",37.14,-2.03,"cdc,gass84,mdativ,typstativ,colmano,inmafu","834f1756-f762-11e1-a439-00145eb45e9a","cb202839-87c6-456a-821c-dc5b268a200f","2a3f6a56-7591-4f05-8c4c-a1bb77aa4ea6","6c4a0bb0-2a4d-11d8-aa2d-b8a03c50a862","ES","EML","2026-04-18T01:36:55.261+00:00","2026-04-23T23:49:07.633+00:00",326,NA,"PRESERVED_SPECIMEN",NA,"PRESENT",2858471,6,7707728,196,1169,7682,2858200,2858471,2858471,"Narcissus tortifolius Fern.Casas","Plantae","Tracheophyta","Asparagales","Amaryllidaceae","Narcissus","Narcissus tortifolius","Narcissus","tortifolius","SPECIES","ACCEPTED",707,"EUROPE","Almeria",1977,3,23,"1977-03-23",82,82,"2026-04-23T23:49:07.633+00:00","http://creativecommons.org/licenses/by-nc/4.0/legalcode",FALSE,"BCN 49700","none","none","5db0342e-533f-461c-a97e-0ec9dc79a95c",FALSE,"Col·lecció de Cormòfits de l'herbari BCN","Fernández Casas, F. Javier & Pueche",NA,"none","WGS84","Liliopsida","ES","none","none","EUROPE","Spain","EUROPE","BCN-Cormophyta","BCN 49700","I gypsaceis siccis",NA,"350","Sorbas: Venta de los Castaños","3033625760",NA,"Corm","BCN 49700",NA,"49700","BCN","Narcissus tortifolius Fern.Casas",400,0,NA,NA,NA,NA,NA,"CRAI CeDocBiV - Universitat de Barcelona",NA,NA,NA,"UB",NA,NA,NA,NA,"ex BCF 39006",NA,NA,NA,NA,NA,NA,NA,NA,NA,NA,NA,"Narcissus tortifolius Fern.Casas","49618",NA
